"","Acanthella.acuta","Adeonella.calveti","Agelas.oroides","Aglaophenia.sp","Algal.turf","Aplidium.conicum","Aplidium.fuscum","Aplysina.cavernicola","Axinella.damicornis","Brown.macroalgae.erect.no.id","Bryopsis.type","Caberea.boryi","Cacospongia.scalaris.type.","Caryophyllia.inornata","Caulerpacylindracea","Cellaria.sp","Celleporina.sp","Chartella.tenella","Chondria.type","Chondrosia.reniformis","Clathrina.clathrus","Clathrina.coriacea","Clavelina.dellavallei","Clavelina.lepadiformis","Cliona.sp","Corallina.elongata","Corallium.rubrum","Corticium.candelabrum","Corynactis.viridis","Crambe.crambe","Crella.pulvinar","Crisia.sp","Dead.decomposing","Dendroxea.lenis","Dentiporella.sardonica","Dictyopteris.membranacea","Dictyota.dichotoma.var.intrincata","Dictyota.sp","Didemnum.vexillum","Disporella.hispida","Dynamena.Laomedea.type","Dysidea.avara","Encrusting.Briozoa.no.id.Orange","Encrusting.calcareous.no.id","Erect.corallinacea.no.id","Erythroglossum.sandrianum","Eudendrium.sp","Eunicella.cavolinii","Fasciospongia.cavernosa","Filamentous.red.algae.falkenbergia.type","Filograna.implexa.Salamacina.dysteri","Flabellia.petiolata","Gregarinidra.gregaria","Haliclona.fulva","Haliclona.mediterranea","Haliclona.mucosa","Halimeda.tuna","Haliptilon.virgatum","Halocynthia.papillosa","Hemimycale.columella","Hexadella.pruvoti","Hexadella.racovitzai","Hildebrandia.rubra","Hoplangia.durotrix","Hydrozoa.turf","Idmidronea.sp","Invertebrate.mixture.thin.sponges.layers","Ircinia.oros.type.Massive.black","Ircinia.variabilis","Leptopsammia.pruvoti","Liagora.sp","Lichenophora.radiata","Lithophyllum.stictaeforme","Mesophyllum.alternans","Miniacina.mineacea","Mixture.complex","Myriapora.truncata","Oscarella.sp","Other.sponge.2.black.encrusting","Other.sponge.3.orange.encrusting","Other.sponge.4.yellow.encrusting","Other.sponge.5.grey.white.emcrusting","Other.sponge.6.grey.white.massive","Other.sponge.encrusting.green","Other.sponge.encrusting.red","Padina.pavonica","Palmophyllum.crassum","Paramuricea.clavata","Parazoanthus.axinellae","Pentapora.fascialis","Petrosia.ficiformis","Peyssonnelia.sp","Phorbas.tenacior","Plakina.sp","Pleraplysilla.spinifera","Prosuberites.longispinus","Protula.sp.Serpula.vermicularis","Pycnoclavella.sp","Red.macroalgae.laminar.no.id","Reteporella.grimaldii","Rhodymenia.ardissonei","Sargassum.type","Schizomavella.linearis","Schizomavella.mamillata","Scrupocellaria.sp","Serpulidae","Smittoidea.sp","Spongia.virgultosa","Spongosorites.intrincatus","Turbicellepora.sp","Valonia.macrophysa"
"2003_Pzzu_cor_1",0,0,0,0,0,0,2,0,0,0,0,0,0,0.4,0,0,0,0,0,0,0,0,0,0,0.8,0,6.8,0,0,0,0,0.4,0,1.6,0,0,0,0,0,0,0,0,0,0,0,0,0,0,0,0,0,0,0.4,0,0,0,0,0,0,0,0,0,0,1.6,0,0,0,0,0,10.4,0,0,0,0,0.8,64.8,0,0,0,0,0,0.8,2.8,0,0,0,0,0,0,0,2,0,0,0,3.6,0,0,0,0,0,0,0,0,0,0,0.4,0,0,0,0,0
"2003_Pzzu_cor_2",0,1.6,0,0,0,0,0.4,0,0,0,0,0,0,0,0,0,0,0,0,0,0,0,0,0,0,0,23.6,0,0,0,0,0.4,0,0.4,0,0,0,0,0,0,0,0,0,0,0,0,0,0,0,0,0,0,2.4,0,0,4.8,0,0,0,0,0,0,0,1.2,0,0,0,0,0,7.6,0,0,0,0,0.8,45.2,0,0,0,0,0,0,0,0,0,0,0,0,0,0,4,0,0,1.6,1.6,0,0,0,0,2.4,0,0,0,0,0,2,0,0,0,0,0
"2003_Pzzu_cor_3",0,2.4,0.4,0,0,0,0,0,0,0,0,0,0,0,0,0,0,0,0,0,0,0,0,0,0,0,31.6,0,0,0,0,0,1.6,0,0,0,0,0,0,0,0,0,0,0,0,0,0,0,0,0,5.2,0,0,0,0,0,0,0,0,0,0,0,0,1.2,0,0,0,0,0.4,4,0,0,0,0,0,46.4,0,0,0,0,0,1.2,0,0,0,0,0,0,0,0,0,0,0,0,4.8,0,0,0,0,0.4,0,0,0,0,0,0.4,0,0,0,0,0
"2003_Pzzu_cor_4",0,0,0,0,0,0,1.6,0,0,0,0,0,0,0.4,0,0,0,0,0,0,0,0,0,0,0,0,5.6,0,0,0,0,0,0,0,0,0,0,0,0,0,0,0,0,0,0,0,0,0,0,0,2,0,10,4,0.4,1.2,0,0,0,0,0,0,0,5.2,0,0,3.6,0,0,4.4,0,0,0,0,0.8,51.6,0,0,0,0,4,0,0,0,0,0,0,0,0,0,0,0,0,0,4,0,0,0,0,0,0,0,0,0,0,1.2,0,0,0,0,0
"2003_Pzzu_cor_5",0,0,0,0,0,0,0,0,0,0,0,0,0,0,0,0,0,0,0,0,0,0,0,0,1.2,0,8.8,1.2,0,0,0,0,0,0,0,0,0,0,0,0,0,0,0.8,0.4,0,0,0,0,0,0,0,0,5.6,0,1.2,0,0,0,0,0,0,0,0,1.2,0,0,4,0,0.4,10.4,0,0,0,0,0.4,63.2,0,0,0,0,0,0,0,0,0,0,0,0,0,0,0,0,0,0,0.8,0,0.4,0,0,0,0,0,0,0,0,0,0,0,0,0,0
"2003_Pzzu_cor_6",0,0,2.8,0,0,0,0,0,0,0,0,0,0,0,0,0,0,0,0,0,0,0,0,0,0,0,10,0,0,0,0,0,0,0,0,0,0,0,0,0,0,0,0.8,0,0,0,0,0,0,0,0,0,8.8,0,0,0,0,0,0,0,0,0,0,1.6,0,0,0,0,1.2,3.2,0,0,0,0,0,66.4,0,0,0,0,0,0.8,0,0,0,0,0,0,0,0,1.6,0,2,0,0.4,0,0,0,0,0,0,0,0,0,0,0.4,0,0,0,0,0
"2003_Pzzu_cor_7",0,0,0,0,0,0,0,0,0,0,0,0,0,0,0,0,0,0,0,0,0,0,0,0,0,0,25.6,0,0,0,0,0,0,0,0,0,0,0,0,0,0,0,0,0,0,0,0,0,0,0,0,0,0,0,0,0,0,0,0,0,0,0,0,2.4,0,0,0,0,0,3.6,0,0,0,0,0.4,65.6,0,0,0,0,0,0.4,0,0,0,0,0,0,0,0,1.6,0,0,0,0,0,0.4,0,0,0,0,0,0,0,0,0,0,0,0,0,0
"2003_Pzzu_cor_8",0,0,0,0,0,0,0,0,0,0,0,0,0,0,0,0,0,0,0,0,0,0,0,0,0,0,8.4,0,0,0,0,0,0,8.4,0,0,0,0,0,0,0,0,0.8,0,0,0,0,0,0,0,0,0,4.8,0,0,0.8,0,0,0.4,0,0,0,0,4,0,0,0,0,0,4.8,0,0,0,0,0.8,57.2,0,0,0,0,0,1.6,0,0,0,0,0,0,0,0,6.8,0,0,0,0.4,0,0,0,0,0.4,0,0,0,0,0,0.8,0,0,0,0,0
"2003_Pzzu_cor_9",0,0,0,0,0,0,0,0,0,0,0,0,0,0,0,0,0,0,0,0,1,0,0,0,0,0,14,0,0,0,0,0,0,0,0,0,0,0,0,0,0,0,0,0,0,0,0,0,0,0,0,0,0,5.6,0,0,0,0,0,0,0,0,0,1.2,0,0,0,0,0,14.4,0,0,0,0,0,59.4,0,0,0,0,0,0,0,0,0,0,0,0,0,0,3.2,0,0,0,1.2,0,0,0,0,0,0,0,0,0,0,0,0,0,0,0,0
"2003_Pzzu_cor_10",0,0,0,0,0,0,0,0,0,0,0,0,0,0,0,0,0,0,0,0,0,0,0,0,0,0,10.4,0,0,0,0,0,0,0,0,0,0,0,0,0,0,0,0,0,0,0,0,0,0,0,0,0,0,0,0,0,0,0,0,0,0,0,0,1.6,0,0,0,0,0,12,0,0,0,0,0.4,75.2,0,0,0,0,0,0,0,0,0,0,0,0,0,0,0,0,0,0,0.4,0,0,0,0,0,0,0,0,0,0,0,0,0,0,0,0
"2003_Pzzu_cor_11",0,0,1.6,0,0,0,0,0,0,0,0,0,0,0,0,0,0,0,0,0,0,0,0,0,0,0,20.8,0,0,0,0,0.8,0,0,0,0,0,0,0,1.2,0,0,2.4,0,0,0,0,0,0,0,0,0,2,4,0,2,0,0,0,0,0,0,0,2,0,0,0,0,1.6,2.4,0,0,0,0,0,56,0,0,0,0,0,0.4,0,0,0,0,0,0,0,0,0.8,0,0,0,0,0,0.8,0,0,0,0,0,0,0,0,1.2,0,0,0,0,0
"2003_Pzzu_cor_12",0,0,0,0,0,0,0,0,0,0,0,0,0,0,0,0,0,0,0,0,0,0,0,0,0,0,9.2,0,0,0,0,0.4,0,0,0,0,0,0,0,0,0,0,0,0,0,0,0,0,0,0,0,0,0,0,0,0,0,0,0,0,0,0,0,0,0,0,0,0,12.8,6,0,0,0,0,0,60.8,0,0,0,0,1.2,0,0,0,0,0,0,0,0,0,7.6,0,0,0,0,0,0,0,0,1.2,0,0,0,0,0,0.8,0,0,0,0,0
"2003_Pzzu_cor_13",0,0,4.8,0,0,0,0,0,0,0,0,0,0,0,0,0,0,0,0,0,0,0,0,0,0,0,3.2,0,0,0,0,0,0,0,0,0,0,0,0,0,0,0,1.2,0,0,0,0,0,0,0,0,0,2.8,0,0,3.2,0,0,0,0,0,0,0,2,0,0,2.4,0,0,6.8,0,0,0,0,0.8,65.2,0,0,0,0,0,1.6,0,0,0,0,0,0,0,0,1.6,0,0,0,2.8,0,0.4,0,0,0,0,0,0,0,0.4,0.8,0,0,0,0,0
"2003_Pzzu_cor_14",0,0,0,0,0,0,0,0,0,0,0,0,0,0.4,0,0,0,0,0,0,0,0,0,0,0,0,10.4,0,0,0,0,0.4,0,0,0,0,0,0,0,0,0,0,4,0,0,0,0,0,0,0,0.8,0,4,0,0,1.6,0,0,0,0,0,0,0,2.4,0,0,0,0,0,8,0,0,0,0,0,67.2,0,0,0,0,0,0,0,0,0,0,0,0,0,0,0.4,0,0,0,0,0,0,0,0,0,0,0,0,0,0.4,0,0,0,0,0,0
"2003_Pzzu_cor_15",0,0,0.8,0,0,0,0,0,0,0,0,0,0,0,0,0,0,0,0,0,0,0,0,0,0,0,24.4,0,0,0,0,0,0,0,0,0,0,0,0,0,0,0,0,0,0,0,0,0,0,0,0,0,0,0,0,0,0,0,0,0,0,0,0,2.4,0,0,0,0,0,8,0,0,0,0,0,61.6,0,0,0,0,0,0,0,0,0,0,0,0,0,0,0.4,0,0,0,0.4,0,0.8,0,0,0,0,0,0,0,0,1.2,0,0,0,0,0
"2003_Pzzu_cor_16",0,0,0,0,0,0,0,0,0,0,0,0,0,0,0,0,0,0,0,0,0,0,0,0,0,0,17.2,0,0,0,0,0,0,0.4,0,0,0,0,0,0,0,0,0.8,0,0,0,0,0,0,0,0.4,0,0.8,0,0,0,0,0,0,0,0,0,0,2.4,0,0,0,0,5.6,2.8,0,0,0,0,0,49.2,0,0,0,0,0,0,0,0,0,0,0,0,0,0,16.8,0,0,0,0,0,0.4,0,0,0,0,0,0,0,2.4,0.8,0,0,0,0,0
"2003_Pzzu_cor_17",0,0,8,0,0,0,2,0,0,0,0,0,0,0,0,0,0,0,0,0,0,0,0,0,0,0,27.6,0,0,0,0,0,0,0.4,0,0,0,0,0,0,0,0,0,0,0,0,0,0,0,0,0,0,2.8,0,0,0,0,0,0,0,0,0,0,2.4,0,0,0,0,0,3.2,0,0,0,0,0.4,47.6,0,0,0,0,0,1.6,0,0,0,0,0,0,0,0,2.4,0,0,0,1.2,0,0,0,0,0,0,0,0,0,0,0.4,0,0,0,0,0
"2003_Pzzu_cor_18",0,0,0,0,0,0,0,0,0,0,0,0,0,0.4,0,0,0,0,0,0,0,0,0,0,0,0,26.4,0,0,0,0,0.4,0.8,7.2,0,0,0,0,0,0,0,0,0,0,0,0,0,0,0,0,0.4,0,0,0,0,1.6,0,0,0,0,0,0,0,1.6,0,0,0,0,1.2,3.2,0,0,0,0,0,43.6,0,0,0,0,0,0,0,0,0,0,0,0,0,0,6.4,0,0,0,1.2,0,1.2,0,0,3.6,0,0,0,0,0,0.8,0,0,0,0,0
"2003_Pzzu_cor_19",0,0,0,0,0,0,0,0,0,0,0,0,0,0,0,0,0,0,0,0,0,0,0,0,0,0,12.8,0,0,0,0,0,0,14,0,0,0,0,0,0,0,0,0,0,0,0,0,0,0,0,0,0,0,0,0,0,0,0,0,0,0,0,0,0.4,0,0,0,0,2,6.8,0,0,0,0,0.8,60,0,0,0,0,0,0,0,0,0,0,0,0,0,0,0,0,0,0,1.6,0,0,0,0,1.2,0,0,0,0,0,0.4,0,0,0,0,0
"2003_Pzzu_cor_20",0,0,0,0,0,0,0,0,0.4,0,0,0,0,0,0,0,0,0,0,0,0,0,0,0,0,0,28.8,0,0,0,0,0,0,4.8,0,0,0,0,0,0,0,0,0,0,0,0,0,0,0,0,0,0,0,0,0,0,0,0,0,0,0,0,0,0.4,0,0,0,0,2.8,5.6,0,0,0,0,1.2,47.6,0,0,0,0,0.4,0,0,0,0,0,0,0,0,0,5.2,0,0,0,0.8,0,0,0,0,1.2,0,0,0,0,0.4,0.4,0,0,0,0,0
"2003_Pzzu_cor_21",0,0,0,0,0,0,0,0,0,0,0,0,0,0.4,0,0,0,0,0,0,0,0,0,0,0,0,0,0,0,0,0,0,0,0,0,0,0,0,0,0,0,0,2.4,0,0,0,0,0,0,0,0,0,2.8,4.4,0,0,0,0,0,0,0,0,0,0.8,0,0,0,0,0.8,9.6,0,0,0,0,0.8,74,0,0,0,0,0,0,0,0,0,0,0,0,0,0,2.8,0,0,0,1.2,0,0,0,0,0,0,0,0,0,0,0,0,0,0,0,0
"2003_Pzzu_cor_22",0,0,0,0,0,0,0.8,0,0,0,0,0,0,0,0,0,0,0,0,0,0,0,0,0,0,0,16,0,0,0,0,0.8,0,0,0,0,0,0,0,0,0,0,0,0,0,0,0,0,0,0,0,0,2,0,0,0,0,0,0,0,0,0,0,0,0,0,2,0,1.2,7.6,0,0,0,0,1.2,63.2,0,0,0,0,0,0,0,0,0,0,0,0,0,0,2.4,0,0,0,1.6,0,0,0,0,1.2,0,0,0,0,0,0,0,0,0,0,0
"2003_Pzzu_cor_23",0,0,0,0,0,0,0.8,0,0,0,0,0,0,0,0,0,0,0,0,0,0,0,0,0,0,0,18,0,0,0,0,0,0,1.2,0,0,0,0,0,0,0,0,1.6,0,0,0,0,0,0,0,0,0,10.4,1.6,0.8,0,0,0,0,0,0,0,0,3.2,0,0,2,0,0,0.8,0,0,0,0,0.8,50.8,0,0,0,0,0.8,0,2.8,0,0,0,0,0,0,0,2.8,0,0,0,0.4,0,0.4,0,0,0,0,0,0,0,0,0.8,0,0,0,0,0
"2003_Pzzu_cor_24",0,0,0,0,0,0,0,0,0.4,0,0,0,0,0,0,0,0,0,0,0,0,0,0,0,0,0,0,0,0,0,0,0.8,0,0,0,0,0,0,0,0,0,0,0,5.2,0,0,0,0,0,0,0,0,13.2,0,0,0,0,0,0,0,0,0,0,2,0,0,0,0,0,0.4,0,0,0,0,1.2,41.2,0,0,0,0,0,0,0,0,0,0,0,0,0,0,24.8,0,0,0,6.8,0,0.8,0,0,2.4,0,0,0,0,0,0.8,0,0,0,0,0
"2011_Pzzu_cor_1",0,0,0,0,0,0,0.8,0,0,0,0,0,0,0,0,0,0,0,0,0,0,0,0,0,0,0,0,0,0,0,0,0,0.8,11.6,0,0,0,0,0,0,0,0,2.4,0,0,0,0,0,0,0,0,0,9.2,0,0,0,0,0,0,0,0,0,0,4.8,0,0,2,0,0,9.6,0,0,0,0,0.8,42.4,0,0,0,0,0,0,0.8,0,0,0,0,0,0,0,1.2,0,7.6,2.8,0.4,0,0,0,0,0,0,0,0,0,0,2.8,0,0,0,0,0
"2011_Pzzu_cor_2",0,0,0,0,0,0,2,0,0.8,0,0,0,0,0.4,0,0,0,0,0,0,0,0,0,0,0,0,7.2,0,0,0,0,0,0,8.4,0,0,0,0,0,0,0,0,0.4,0,0,0,0,0,0,0,0.8,0,7.6,0,0,1.2,0,0,0,0,0,0,0,4,0,0,0,0,0,4.4,0,0,0,0,0,50.4,0,0,0,0,0,1.6,0,0,0,0,0,0,0,0,5.2,0,0,0,1.6,0,0.8,0,0,0,0,0,0,0,0,1.6,0,0,1.6,0,0
"2011_Pzzu_cor_3",0,0,2,0,0,0,1.6,0,0,0,0,0,0,0.4,0,0,0,0,0,0,0,0,0,0,0,0,18.8,0,0,0,0,0,0,0.4,0,0,0,0,0,0,0,0,0.8,0,0,0,0,0,0,0,2,0,6,0,0,0,0,0,0,0,0,0,0,1.2,0,0,6.8,0,0,4.4,0,0,0,0,0,50.4,0,1.2,0,0,0,0.4,0,0,0,0,0,0,0,0,0,0,0,0,0.4,0,0.4,0,0,0.4,0,0,0,0,0,2.4,0,0,0,0,0
"2011_Pzzu_cor_4",0,0,0,0,0,0,0,0,0,0,0,0,0,0,0,0,0,0,0,0,0,0,0,0,0,0,2.4,0,0,0,0,0,0,0.8,0,0,0,0,0,0,0,0,1.2,0,0,0,0,0,0,0,0,0,1.2,3.6,3.6,0,0,0,0,0,0,0,0,6,0,0,0.8,0,0,4.8,0,0,0,0,0,71.2,0,0,0,0,0,0.4,0,0,0,0,0,0,0,0,0,0,0,0,2,0,0.4,0,0,0,0,0,0,0,0,1.6,0,0,0,0,0
"2011_Pzzu_cor_5",0,0.4,0,0,0,0,0,0,0,0,0,0,0,0,0,0,0,0,0,0,0,0,0,0,0.8,0,4.8,0,0,0,0,0,0,0,0,0,0,0,0,0,0,0,3.2,0.4,0,0,0,0,0,0,0,0,12.4,0.8,0,0,0,0,0,0,0,0,0,2.4,0,0,4,0,0,11.2,0,0,0,0,0.4,56,0,0,0,0,0,1.2,0,0,0,0,0,0,0,0,0,0,0,0,0,0,0.8,0,0,0,0,0,0,0,0,1.2,0,0,0,0,0
"2011_Pzzu_cor_6",0,0,2.4,0,0,0,0,0,0.4,0,0,0,0,0,0,0,0,0,0,0,0,0,0,0,0,0,9.6,0,0,0,0,0,0,0,0,0,0,0,0,0.8,0,0,1.2,0,0,0,0,0,0,0,3.2,0,5.2,0,0,0,0,0,0,0,0,0,0,1.6,0,0,0,0,0.4,7.2,0,0,0,0,0,54.4,0,0,0,0,0.8,0,0,0,0,0,0,0,0,0,2.4,0,6.8,0,0.4,0,1.2,0,0,0,0,0,0,0,0,2,0,0,0,0,0
"2011_Pzzu_cor_7",0,0,0,0,0,0,0.4,0,0,0,0,0,0,0.4,0,0,0,0,0,0,0,0,0,0,0,0,11.2,0,0,0,0,0,0,0,0,0,0,0,0,0,0,0,1.6,0,0,0,0,0,0,0,3.6,0,3.6,0,0,0,0,0,0,0,0,0,0,3.6,0,0,0.8,0,0,4,0,0,0,0,0.4,56,0,0,0,0,0,1.2,0,0,0,0,0,0,0,0,2,0,7.6,0,0.8,0,1.2,0,0,0,0,0,0,0,0,1.6,0,0,0,0,0
"2011_Pzzu_cor_8",0,0,0,0,0,0,0.8,0,0,0,0,0,0,0.4,0,0,0,0,0,0,0,0,0,0,0,0,5.6,0,0,0,0,0,0.4,9.6,0,0,0,0,0,0,0,0,1.2,0,0,0,0,0,0,0,1.6,0,0,0.4,2,1.2,0,0,0.4,0,0,0,0,8.8,0,0,0,0,0,5.2,0,0,0,0,0,54.4,0,0,0,0,0,0.8,0,0,0,0,0,0,0,0,2.4,0,0,0,2,0,0.8,0,0,0,0,0,0,0,0,2,0,0,0,0,0
"2011_Pzzu_cor_9",0,0,0,0,0,0,0,0,0,0,0,0,0,0,0,0,0,0,0,0,0,0,0,0,0,0,0,0,0,0,0,0,0,0,0,0,0,0,0,0,0,0,2.4,0,0,0,0,0,0,0,0,0,4.4,0.4,0,0,0,0,0,0,0,0,0,2,0,0,0.4,0,0,13.2,0,0,0,0,0.4,70.8,0,0,0,0,0,1.2,0,0,0,0,0,0,0,0,2.4,0,0,0,0,0,0.4,0,0,0,0,0,0,0,0,2,0,0,0,0,0
"2011_Pzzu_cor_10",0,0.8,0,0,0,0,0,0,0,0,0,0,0,0,0,0,0.4,0,0,0,0,0,0,0,0,0,10.8,0,0,0,0,0,0,1.2,0,0,0,0,0,0,0,0,3.6,0,0,0,0,0,0,0,0,0,3.6,0,0,0,0,0,0,0,0,0,0,0.8,0,0,1.6,0,1.2,11.2,0,0,0,0,0,63.6,0,0,0,0,0,0,0,0,0,0,0,0,0,0,0,0,0,0,0.8,0,0.4,0,0,0,0,0,0,0,0,0,0,0,0,0,0
"2011_Pzzu_cor_11",0,0,3.6,0,0,0,1.2,0,0,0,0,0,0,0,0,0,0,0,0,0,0,0,0,0,0,0,15.2,0,0,0,0,0,0,0,0,0,0,0,0,0.8,0,0,1.2,2,0,0,0,0,0,0,0,0,3.6,7.6,0,0.4,0,0,0,0,0,0,0,2.4,0,0,0.4,0,0,3.6,0,0,0,0,0,54.4,0,0,0,0,0,1.2,0,0,0,0,0,0,0,0,0,0,0,0,0,0,0,0,0,0,0,0,0,0,0,1.6,0,0,0.8,0,0
"2011_Pzzu_cor_12",0,0,0,0,0,0,6,0,0,0,0,0,0,0,0,0,0,0,0,0,0,0,0,0,0,0,5.6,0,0,0,0,0,0.4,4.8,0,0,0,0,0,0,0,0,2.8,0,0,0,0,0,0,0,2.4,0,0,0,0,0,0,0,0,0,0,0,0,1.6,0,0,0,0,0,4.8,0,0,0,0,0,58.8,0,0,0,0,0,0,0,0,0,0,0,0,0,0,11.6,0,0,0,0,0,0,0,0,0,0,0,0,0,0,1.2,0,0,0,0,0
"2011_Pzzu_cor_13",0,0,8.4,0,0,0,2,0,0,0,0,0,0,0.4,0,0,0,0,0,0,0,0,0,0,0,0,4,0,0,0,0,0,0,0,0,0,0,0,0,0.4,0,0,1.2,0,0,0,0,0,0,0,0,0,5.2,0,0,0,0,0,0,0,0,0,0,1.2,0,0,0.4,0,0,10,0,0,0,0,0.4,58.8,0,0,0,0,0,1.6,0,0,0,0,0,0,0,0,2.8,0,0,0,0,0,0,0,0,0.4,0,0,0,0,0,2.8,0,0,0,0,0
"2011_Pzzu_cor_14",0,0,0,0,0,0,0,0,0,0,0,0,0,0,0,0,0,0,0,0,0,0,0,0,0,0,7.6,0,0,0,0,0,2,0.4,0,0,0,0,0,0,0,0,3.2,0,0,0,0,0,0,0,0.4,0,2,0,0,0,0,0,0,0,0,0,0,2.4,0,0,0.8,0,0,13.6,0,0,0,0,0,65.6,0,0,0,0,0,0,0,0,0,0,0,0,0,0,0.4,0,0,0,0,0,1.2,0,0,0,0,0,0,0,0,0.4,0,0,0,0,0
"2011_Pzzu_cor_15",0,0,0,0,0,0,0,0,0,0,0,0,0,0,0,0,0,0,0,0,0,0,0,0,0,0,10.8,1.6,0,0,0,0,0,8.8,0,0,0,0,0,0.4,0,0,3.6,0,0,0,0,0,0,0,0.8,0,6.4,0,0,0,0,0,0,0,0,0,0,4.8,0,0,0,0,2.4,3.6,0,0,0,0,0,54,0,0,0,0,0,0,0,0,0,0,0,0,0,0,0.4,0,0,0,0.8,0,0.8,0,0,0,0,0,0,0,0,0.8,0,0,0,0,0
"2011_Pzzu_cor_16",0,0,2.4,0,0,0,6.4,0,0,0,0,0,0,0,0,0,0,0,0,0,0,0,0,0,0,0,16.4,0,0,0,0,0,0.8,1.2,0,0,0,0,0,0,0,0,2,0,0,0,0,0,0,0,2,0,1.6,0,7.2,0.8,0,0,0,0,0,0,0,1.2,0,0,0,0,0,3.6,0,0,0,0,0,39.6,0,0,0,0,0,4,0,0,0,0,0,0,0,0,8.4,0,0,0,0.8,0,0,0,0,0,0,0,0,0,0,1.6,0,0,0,0,0
"2011_Pzzu_cor_17",0,0,6.4,0,0,0,6,0,0,0,0,0,0,0,0,0,0,0,0,0,0,0,0,0,0,0,13.6,0,0,0,0,0.4,0.8,0,0,0,0,0,0,0,0,0,4,0,0,0,0.4,0,0,0,1.2,0,1.2,0,0,0,0,0,0,0,0,0,0,2.4,0,0,0,0,0.4,6,0,0,0,0,0.4,54.4,0,0,0,0,0,1.2,0,0,0,0,0,0,0,0,1.2,0,0,0,0,0,0,0,0,0,0,0,0,0,0,0,0,0,0,0,0
"2011_Pzzu_cor_18",0,1.2,0,0,0,0,0.8,0,0,0,0,0,0,0.4,0,0,0,14.4,0,0,0,0,0,0,0,0,18.8,0,0,0,0,0,0.8,12.8,0,0,0,0,0,0,0,0,1.2,0,0,0,0,0,0,0,0.8,0,0.8,0,0,0,0,0,0,0,0,0,0,1.2,0,0,4,0,7.2,4.8,0,0,0,0,0.4,20.8,0,0,0,0,0,0.4,0,0,0,0,0,0,0,0,0,0,0,0,6.4,0,0,0,0,0,0,0,0,0,0,1.6,0,0,1.2,0,0
"2011_Pzzu_cor_19",0,0,0,0,0,0,2.4,0,0,0,0,0,0,0,0,0,0,0,0,0,0,0,0,0,0,0,3.2,0,0,0,0,0,0.8,26.4,0,0,0,0,0,0,0,0,0,0,0,0,0,0,0,0,1.6,0,0,0,0,0,0,0,0,0,0,0,0,0.4,0,0,0,0,1.2,4.4,0,0,0,0,0,53.4,0,0,0,0,0,1.2,0,0,0,0,0,0,0,0,0,0,0,0,4.8,0,0,0,0,0,0,0,0,0,0,0.4,0,0,0,0,0
"2011_Pzzu_cor_20",0,0,0,0,0,0,1.6,0,0,0,0,0,0,0,0,0,0,0,0,0,0,0,0,0,0,0,20.4,0,0,0,0,0,0.8,20.4,0,0,0,0,0,0,0,0,0.8,0,0,0,0,0,0,0,1.2,0,3.6,0,4,2.8,0,0,0,0,0,0,0,0,0,0,0,0,6.4,4.8,0,0,0,0,0.8,26.4,0,0,0,0,0,0,0,0,0,0,0,0,0,0,2.4,0,0,0,1.2,0,0.4,0,0,0,0,0,0,0,0,2,0,0,0,0,0
"2011_Pzzu_cor_21",0,0,0,0,0,0,2.8,0,0,0,0,0,0,1.2,0,0,0,0,0,0,0,0,0,0,0,0,2,0,0,0,0,0.4,0,2,0,0,0,0,0,0,0,0,2.4,0,0,0,0,0,0,0,0,0,3.2,5.2,0.4,0,0,0,0,0,0,0,0,2.4,0,0,0,0,0.8,6.8,0,0,0,0,0,63.2,0,4.4,0,0,0,0,0,0,0,0,0,0,0,0,0.8,0,0,0,0,0,0,0,0,0,0,0,0,0,0,1.2,0,0,0.8,0,0
"2011_Pzzu_cor_22",0,0,0,0,0,0,0.4,0,0,0,0,0,0,0,0,0,0,0,0,0,0,0,0,0,0,0,13.2,0,0,0,0,0.8,0,0,0,0,0,0,0,0,0,0,1.2,0,0,0,0,0,0,0,0.8,0,0,0.4,0,0,0,0,0,0,0,0,0,1.2,0,0,3.2,0,1.2,6,0,0,0,0,0,63.2,0,0,0,0,0,4.8,0,0,0,0,0,0,0,0,0.4,0,0,0,1.2,0,0.4,0,0,0,0,0,0,0,0,1.6,0,0,0,0,0
"2011_Pzzu_cor_23",0,0,0,0,0,0,4,0,0.4,0,0,0,0,0,0,0,0,0,0,0,0,0,0,0,0,0,17.2,0,0,0,0,0.4,0.8,6,0,0,0,0,0,0,0,0,1.6,0,0,0,0,0,0,0,0,0,0.4,2.4,0,0,0,0,0,0,0,0,0,1.6,0,0,1.6,0,0,5.6,0,0,0,0,0,42.8,0,0,0,7.6,0,3.2,0,0,0,0,0,0,0,0,2,0,0,0,0.8,0,0,0,0,0,0,0,0,0,0,1.6,0,0,0,0,0
"2011_Pzzu_cor_24",0,0,0,0,0,0,0.4,0,0,0,0,0,0,0,0,0,0,0,0,0,0.8,0,0,0,0,0,0,0,0,0,0,1.2,0,10.8,0,0,0,0,0,0,0,0,3.6,0,0,0,0,0,0,0,0,0,0,0,5.2,0,0,0,0,0,0,0,0,0.8,0,0,0,0,0,3.2,0,0,0,0,1.2,44.8,0,0,0,0,0,0,0.4,0,0,0,0,0,0,0,16,0,0,0,9.6,0,0.4,0,0,0,0,0,0,0,0,1.6,0,0,0,0,0
"2018_Pzzu_cor_1",0,0,0,0,0,0,2,0,0,0,0,0,0,0.4,0,0,0,0,0,0,0,0,0,0,0,0,0,0,0,0,0,0,3.2,0.4,0,0,0,0,0,0,0,0,0,0,0,0,0,0,0,0,2.8,0,13.6,0,0.4,0,0,0,0,0,0,0,0,1.2,0,0,0,0,0,7.2,0,0,0,0,1.2,53.2,0,0,0,0,0,0,0,0,0,0,0,0,0,0,0,0,7.6,0,1.6,0,0.4,0,0,0,0,0,0,0,0,3.6,0,0,1.2,0,0
"2018_Pzzu_cor_2",0,0,0,0,0,0,2.8,0,0,0,0,0,0,1.2,0,0,0,0,0,0,0,0,0,0,0,0,1.6,0,0,0,0,0,5.2,2.8,0,0,0,0,0,0,0,0,0,0,0,0,0,0,0,0,0,0,8,0,0,0.8,0,0,0,0,0,0,0,0,0,0,0,0,0,5.6,0,0,0,0,0.4,55.2,0,0,0,0,1.6,1.2,0,0,0,0,0,0,0,0,4.4,0,0,0,0,0,0,0,0,0,0,0,0,0,0,7.6,0,0,1.6,0,0
"2018_Pzzu_cor_3",0,0,0,0,0,0,0.4,0,0,0,0,0,0,0,0,0,0,0,0,0,0,0,0,0,0,0,0,0,0,0,0,0,4,0,0,0,0,0,0,0,0,0,0.8,0,0,0,0,0,0,0,4.4,0,9.6,0,0,0,0,0,0,0,0,0,0,0.8,0,0,0,0,0,2.8,0,0,0,0,6,62.4,0,0,0,0,0,0,0,0,0,0,0,0,0,0,0,0,0,0,1.6,0,0,0,0,0,0,0,0,0,0,4.8,0,0,2.4,0,0
"2018_Pzzu_cor_4",0,0,0,0,0,0,0.4,0,0,0,0,0,0,0,0,0,0,0,0,0,0,0,0,0,0,0,2.4,0,0,0,0,0,4,2,0,0,0,0,0,0,0,0,0,0,0,0,0,0,0,0,0,0,6.4,0.8,0.4,0.4,0,0,0,0,0,0,0,0.8,0,0,0,0,0,6,0,0,0,0,0,70,0,0,0,0,0,0,0,0,0,0,0,0,0,0,0,0,0,0,1.6,0,2,0,0,0,0,0,0,0,0,1.2,0,0,1.6,0,0
"2018_Pzzu_cor_5",0,0,0,0,0,0,0,0,0,0,0,0,0,0,0,0,0,0,0,0,0,0,0,0,0,0,0,0,0,0,0,0,1.6,0,0,0,0,0,0,0,0,0,0,0,0,0,0,0,0,0,0,0,10.8,0,0,0,0,0,0,0,0,0,0,0.8,0,0,2.8,0,0,16.8,0,0,0,0,1.6,63.2,0,0,0,0,0,0,0,0,0,0,0,0,0,0,0,0,0,0,0.4,0,0,0,0,0,0,0,0,0,0,0.8,0,0,0,1.2,0
"2018_Pzzu_cor_6",0,0,6.4,0,0,0,1.6,0,0.4,0,0,0,0,0,0,0,0,0,0,0,0,0,0,0,0,0,0,0,0,0,0,0,2,0,0,0,0,0,0,0,0,0,0,0,0,0,0,0,0,0,7.2,0,8.4,2,2,0,0,0,0,0,0,0,0,0.4,0,0,0,0,0,2.4,0,0,0,0,0.8,51.2,0,0,0,0,0.8,0,0,0,0,0,0,0,0,0,0,0,8,0,0,0,0.4,0,0,0,0,0,0,0,0,6,0,0,0,0,0
"2018_Pzzu_cor_7",0,0,0,0,0,0,1.2,0,0,0,0,0.4,0,0,0,0,0,0,0,0,0,0,0,0,0,0,3.6,0,0,0,0,0,2.4,0,0,0,0,0,0,0,0,0,0,0,0,0,0,0,0,0,1.2,0,10.4,0.4,1.6,0,0,0,0,0,0,0,0,0.8,0,0,0,0,0,8.4,0,0,0,0,1.6,63.6,0,0,0,0,0,0,0,0,0,0,0,0,0,0,0.8,0,0,0,0,0,1.6,0,0,0,0,0,0,0,0,2,0,0,0,0,0
"2018_Pzzu_cor_8",1.2,0,0,0,0,0,0,0,0,0,0,0,0,0.4,0,0,0,0,0,0,0,0,0,0,0,0,0,0,0,0,0,0,0.4,18.8,0,0,0,0,0,0,0,0,0,0,0,0,0,0,0,0,0,0,10,0,0,0.4,0,0,0.4,0,0,0,0,0.4,0,0,0,0,0,3.6,0,0,0,0,0,58.8,0,0,0,0,0.4,0,0,0,0,0,0,0,0,0,1.6,0,0,0,0,0,0,0,0,0,0,0,0,0,0,4,0,0,0,0,0
"2018_Pzzu_cor_9",0,0,0,0,0,0,0,0,0,0,0,0,0,0,0,0,0,0,0,0,0,0,0,0,0,0,0,0,0,0,0,0,7.2,0,0,0,0,0,0,0,0,0,0,0,0,0,0,0,0,0,0,0,4.8,4.4,0,0.4,0,0,0,0,0,0,0,0,0,0,0,0,0,16,0,0,0,0,1.6,62.8,0,0,0,0,0,0.4,0,0,0,0,0,0,0,0,0,0,0,0,0,0,1.6,0,0,0,0,0,0,0,0,0.8,0,0,0,0,0
"2018_Pzzu_cor_10",0,0,0,0,0,0,0,0,0,0,0,0,0,0,0,0,0,0,0,0,0,0,0,0,0,0,0,0,0,0,0,0,5.2,0,0,0,0,0,0,0,0,0,0,0,0,0,0,0,0,0,2,0,11.6,0.8,0,0,0,0,0,0,0,0,0,0.8,0,0,0,0,0,14.4,0,0,0,0,0.8,62,0,0,0,0,0,0.4,0,0,0,0,0,0,0,0,0,0,0,0,0,0,0.8,0,0,0,0,0,0,0,0,1.2,0,0,0,0,0
"2018_Pzzu_cor_11",0,0,4.4,0,0,0,0,0,0,0,0,0,0,0,0,0,0,0,0,0,0,0,0,0,0,0,0.4,0,0,0,0,0,0,0,0,0,0,0,0,0,0,0,0,0,0,0,0,0,0,0,17.2,0,14.8,2,0,1.2,0,0,0,0,0,0,0,0.4,0,0,0,0,0,2.4,0,0,0,0,1.6,44,0,0,0,0,0,0.4,0,0,0,0,0,0,0,0,0,0,6.4,0,0,2,1.2,0,0,0.4,0,0,0,0,0,1.2,0,0,0,0,0
"2018_Pzzu_cor_12",0,0,0,0,0,0,1.6,0,0,0,0,0,0,0,0,0,0,0,0,0,0,0,0,0,0,0,0.8,0,0,0,0,0,0.8,0,0,0,0,0,0,0,0,0,0,0,0,0,0,0,0,0,0,0,9.6,0.4,1.6,0,0,0,0,0,0,0,0,0,0,0,6.8,0,0,3.2,0,0,0,0,1.2,63.6,0,0,0,0,1.6,0,0,0,0,0,0,0,0,0,5.2,0,0,0,0,0,0,0,0,0,0,0,0,0,0,3.6,0,0,0,0,0
"2018_Pzzu_cor_13",0,0,15.5,0,0,0,0,0,0,0,0,0,0,0,0,0,0,0,0,0,0,0,0,0,0,0,0,0,0,0,0,0,5.5,0,0,0,0,0,0,0.5,0,0,0,0,0,0,0,0,0,0,0,0,0,0,0,0,0,0,0,0,0,0,0,0.5,0,0,0,0,0,11,0,0,0,0,0.5,62.5,0,0,0,0,0,0,0,0,0,0,0,0,0,0,1,0,0,0,1.5,0,0,0,0,0,0,0,0,0,0,1.5,0,0,0,0,0
"2018_Pzzu_cor_14",0,0,0.8,0,0,0,2.8,0,0,0,0,0,0,0,0,0,0,0,0,0,0,0,0,0,0,0,1.2,0,0,0,0,0,8.8,0,0,0,0,0,0,0,0,0,0,2,0,0,1.2,0,0,0,0.4,0,18,0,0,0.8,0,0,0,0,0,0,0,0,0,0,0,0,0,9.2,0,0,0,0,2,47.2,0,0,0,0,0.4,0.8,0,0,0,0,0,0,0,0,0.4,0,0,0,1.6,0,0.8,0,0,0,0,0,0,0,0,1.6,0,0,0,0,0
"2018_Pzzu_cor_15",0,0,0,0,0,0,0,0,0,0,0,0,0,0,0,0,0.4,0,0,0,0,0,0,0,0,0,5.6,0,0,0,0,0,5.6,3.6,0,0,0,0,0,0,0,0,0,0,0,0,0,0,0,0,4.4,0,15.2,0,0,0,0,0,0,0,0,0,0,2,0,0,0,0,0,4.8,0,0,0,0,2,48.4,0,0,0,0,0,0,0,0,0,0,0,0,0,0,0,0,0.8,0,0.4,0,2.4,0,0,0,0,0,0,0,0,4.4,0,0,0,0,0
"2018_Pzzu_cor_16",0,0,0,0,0,0,0,0,0,0,0,0,0,0.4,0,0,0,0,0,0,0,0,0,0,0,0,3.2,0,0,0,0,0,2.4,0,0,0,0,0,0,0.4,0,0,0,0,0,0,0,0,0,0,13.6,0,12.8,0,0,0,0,0,0,0,0,0,0,0.4,0,0,0,0,0,3.6,0,0,0,0,1.2,55.2,0,0,0,0,0,0,0,0,0,0,0,0,0,0,2.8,0,0,0,0,0,0,0,0,0,0,0,0,0,0,4,0,0,0,0,0
"2018_Pzzu_cor_17",0,0,0,0,0,0,0.4,0,0,0,0,0,0,0,0,0,0,0,0,0,0,0,0,0,0,0,1.6,0,0,0,0,0,8.4,0,0,0,0,0,0,0,0,0,0.4,0,0,0,0,0,0,0,0,0,2.8,0,0,0,0,0,0,0,0,0,0,4,0,0,0,0,0,7.2,0,0,0,0,1.2,70.4,0,0,0,0,0,0,0,0,0,0,0,0,0,0,2,0,0,0,0.8,0,0,0,0,0,0,0,0,0,0,0.8,0,0,0,0,0
"2018_Pzzu_cor_18",0,0.8,0,0,0,0,0.8,0,0,0,0,0,0,0,0,0,0,0,0,0,0,0,0,0,0,0,0,0,0,0,0,0,2.4,0,0,0,0,0,0,0.8,0,0,0.8,0,0,0,3.2,0,0,0,10.4,0,15.2,0,0,0,0,0,0,0,0,0,0,1.2,0,0,0,0,0,5.6,0,0,0,0,1.2,49.2,0,0,0,0,0.4,0,0,0,0,0,0,0,0,0,2,0,0,0,1.6,0,2.8,0,0,0,0,0,0,0,0.8,0.8,0,0,0,0,0
"2018_Pzzu_cor_19",0,0,0,0,0,0,2.4,0,0,0,0,0,0,0,0,0,0,0,0,0,0,0,0,0,0,0,1.6,0,0,0,0,0,7.6,11.2,0,0,0,0,0,0,0,0,0,0,0,0,0,0,0,0,2,0,5.6,0,0.4,0,0,0,0,0,0,0,0,0.8,0,0,0,0,0,4.8,0,0,0,0,1.2,55.6,0,0,0,0,0,0.8,0,0,0,0,0,0,0,0,0.4,0,0,0,0,0,0.4,0,0,0,0,0,0,0,0,5.2,0,0,0,0,0
"2018_Pzzu_cor_20",0,0,0,0,0,0,0.8,0,0,0,0,0,0,0,0,0,0.4,0,0,0,0,0,0,0,0,0,2.4,0,0,0,0,0,8,8.4,0,0,0,0,0,0,0,0,0.8,0,0,0,0,0,0,0,4,0,4,0,0,0.8,0,0,0,0,0,0,0,0.8,0,0,3.2,0,0,4,0,0,0,0,1.2,45.6,0,0,0,0,0,0,0,0,0,0,0,0,0,0,0.8,0,0,0,2,0,1.2,0,0,0.4,0,0,0,0,0,11.2,0,0,0,0,0
"2018_Pzzu_cor_21",0,0,0,0,0,0,0.8,0,1.6,0,0,0,0,0.4,0,0,0,0,0,0,0,0,0,0,0,0,0.4,0,0,0,0,0,3.2,0,0,0,0,0,0,0.8,0,0,0,0,0,0,0,0,0,0,2,0,5.6,7.6,0,0,0,0,0,0,0,0,0,5.2,0,0,0,0,0,9.6,0,0,0,0,0.4,57.2,0,0,0,0,0,0,0,0,0,0,0,0,0,0,1.6,0,0,0,0,0,0.4,0,0,0,0,0,0,0,1.2,2,0,0,0,0,0
"2018_Pzzu_cor_22",0,0,0,0,0,0,0,0,0,0,0,0,0,0,0,0,0,0,0,0,0,0,0,0,0,0,1.2,0,0,0,0,0,11.6,0.8,0,0,0,0,0,0,0,0,0,0,0,0,0,0,0,0,2.4,0,14,2.8,0,0,0,0,0,0,0,0,0,0.8,0,0,0,0,0,5.6,0,0,0,0,1.2,49.2,0,0,0,0,0.4,0,0,0,0,0,0,0,0,0,2,0,0,0,0,0,0,0,0,0,0,0,0,0,6.4,2.4,0,0,0,0,0
"2018_Pzzu_cor_23",0,0,0,0,0,0,0.8,0,0,0,0,0,0,0,0,0,0,0,0,0,0,0,0,0,0,0,0.8,0,0,0,0,0.8,4,4.4,0,0,0,0,0,0.4,0,0,0,0,0,0,0,0,0,0,2,0,13.6,0.4,3.6,0,0,0,0,0,0,0,0,0.4,0,1.2,0,0,0,4,0,0,0,0,1.2,54,0,0,0,0,0.8,0,0,0,0,0,0,0,0,0,0,0,0,0,2,0,0.4,0,0,0,0,0,0,0,0,5.2,0,0,0,0,0
"2018_Pzzu_cor_24",0,0,0,0,0,0,0.4,0,0.8,0,0,0,0,0,0,0,0.8,0,0,0,0.8,0,0,0,0,0,0,0,0,0,0,0,0,6,0,0,0,0,0,0.4,0,0,0,0,0,0,0.4,0,0,0,0,0,12.4,1.2,0.8,0,0,0,0,0,0,0,0,0.8,0,0,2.4,0,0,3.2,0,0,0,0,2.8,46.8,0,0,0,0,0,0,0,0,0,0,0,0,0,0,7.6,0,0,0,1.6,2.4,1.2,0,0,4,0,0,0,0,0,2.8,0,0,0,0,0
"2006_Pzzu_par_1",0,0,0,0,14,0,0,0,0.5,0,1.5,0,0,0,0,0,0,0,0,0,0,0,0,1.5,0,0,0,0,0,0,0,0,0,0,0,0,0,0,0,0,0,0,0,0.5,2,0,0,4.5,0,1,0,4,0,0,0,0,0,0,0,0,0,0,0,0,0,0,4.5,4,0,0,0,0,0,0,0,12,0,0,0,0,0,0,0,0,0,0,0,6.5,34.5,0,0,1.5,5.5,0,0,0,0.5,0,0,0,0,0,0,0,0,0,0,0,0,1.5,0
"2006_Pzzu_par_2",0,0,0,0,35,0,0,0,0.5,0,3.5,0,0,0,0,0,0,0,0,0,0,0,0,0,0,0,0,0,0,0,0,0,0,0.5,0,0,0,0,0,0,0,0,0,0,0,0,0,4.5,0,0.5,0,1.5,0,0,0,0,0,0,0,0,0,0,0,0,0,0,0,0,0,1.5,0,0,3.5,0,0,8,0,0,0,0,0,0,0,0,0,0,0,7.5,32.5,0,0,0,0,0,1,0,0,0,0,0,0,0,0,0,0,0,0,0,0,0,0
"2006_Pzzu_par_3",0,0,0,0,0,0,0,0,0,0,0,0,0,0,0,0,0,0,0,0,0,0,0,0,0,0,0,0,0,0,0,0,5,0,0,0,0,0,0,0,0,0,0,4,0,0,0,1.5,0,0,0,0,0,0,0,0,0,0,0,0,0,0,0,0,0,0,5,7.5,3,0.5,0,0,0,0,0,13,0,0,0,5,0,0,0,0,0,0,0,3.5,44.5,0,0,5.5,0,0,0,0,0,0,0,1.5,0,0,0,0,0,0.5,0,0,0,0,0
"2006_Pzzu_par_4",0,0,0,0,0,0,0,0,0,0,0,0,0,0,0,0,0,0,0,0,0,0,0,0,0,0,0,0,0,0,0,0,0,0,0,0,0,0,0,1,0,0,0,4,0,0,0,0,0,0,0,0,0,0,0,0,0,0,0,0,0,0,0,0,0.5,0,5.5,0,2.5,0.5,0,0,0,0,0,14,0,0,0,0,0,2.5,0,0,0,0,0,0,69,0,0,0,0,0,0,0,0,0,0,0.5,0,0,0,0,0,0,0,0,0,0,0
"2006_Pzzu_par_5",0,0,0,0,9.5,0,0,0,0,2,0,0,0,0,0,0,0,23.5,0,0,0,0,0,0,0,0,0,0,0,0,0,0,4,0,0,0,0,0,0,2.5,0,0,0,11,0,0,0,0,0,0,0,0,0,0.5,0.5,0,0,0,0,0,0,0,0,0,0.5,0,8,4.5,0,8.5,0,0,0,0,0,11.5,0,0,0,0,4.5,0,0,0,0,0,0,5,0,0,0,0.5,0,0.5,0,0,0,0,0,1,0,0,0,0,0,1.5,0,0.5,0,0,0
"2006_Pzzu_par_6",0,0,0,0,8,0,0.5,0,0,0,3.5,0,0,0,0,0,0,21,0,0,0,0,0,0,0,0,0,0,0,0,0,0,6,0,0,0,0,0,0,0,0,0,0,0,0,0,0,2,0,0,0,0,0.5,0,1.5,0,0,0,0,0,0,0,0,1,0.5,0,0,7,0,3,0,0,0,0,0.5,27.5,0,0,0,0,0,0,0,3,0,0,0,6.5,0,0,0,0.5,0,0,1.5,0,0,0,0,2,0,0,0,0,0,4,0,0,0,0,0
"2006_Pzzu_par_7",0,0,0,0,61,0,0,0,0,0,0,0,0,0,0,0,0,0,0,0,0,0,0,1,0,0,0,0,0,0,0,0,4,0,0,4,0,0,0,0,0,0,0,0,0,0,0,1.5,0,6.5,0,1.5,0,0,0,0,0,0,0,0,0,0,0,0,0,0,1,0,0,0.5,0,0,0,0,0,11.5,0,0,0,0,0,0,0,0,0,0,0,2.5,3.5,0,0,0,0,0,0,0,0,0,0,0,0,0,0,0,0,1.5,0,0,0,0,0
"2006_Pzzu_par_8",0,0,0,0,24.5,0,0,0,1,0,0.5,0,0,0.5,0,0,0,0,0,0,0,0,0,0,0,0,0,0,0,0,0,0,0,0,0,0,0,0,0,0,0,0,0,10,0,0,0,3.5,0,1.5,0,2,0,0,0,0,0.5,0,0,0,0,0,0,0,0,0,9,0,0,0.5,0,0,0,0,0,26,0,0,0,0,0,0,0,0,0,0,0,16.5,1.5,0,0,1.5,0,0,0,0,0,0,0,0,0,0,0,0,0,1,0,0,0,0,0
"2006_Pzzu_par_9",0,0.5,0,0,29,0,0,0,0,0,0,0,0,0,0,0,0,2,0,0,0,0,0,0,0,0,0,0,0,0,0,0,0,0,0,0,0,0,0,0,0,0,0,5,0,0,0,3.5,0,0,0,4,0,0,0,0,0,0,0,0,0,0,0,0,0.5,0,7,4,3,1,0,0,0.5,0,0,9,0,0,0,0,0,0,0,0,0,0,0,2.5,24.5,0,0,1.5,0,0.5,0,0,0,0,0.5,0,0,0,0,0,0,1.5,0,0,0,0,0
"2006_Pzzu_par_10",0,0,0,0,0,0,0,0,0,0,0,0,0,0.5,0,0,0,8.5,0,0,0,0,0,0,0,0,0,0,0,0,0,0,0,0,0,0,0,0,0,0,0,0,0.5,2.5,0,0,0,0,0,0,0,0,0,0,2,0,0,0,0,0,0,0,0,3,1,0,1,19.5,1.5,9,0,0,0,0,0,16.5,0,0,0,0,0,0,0,0,0,0,0,9,21.5,0,0,0,0,0,0,0,0,0,0,4,0,0,0,0,0,0,0,0,0,0,0
"2006_Pzzu_par_11",0,0,0,0,0,0,0,0,0,0,0,0,6,0,0,0,0,2,0,0,0,0,0,0,0,0,15.5,0,0,0,0,0,0,0,0,0,0,0,0,0.5,0,0,1.5,2.5,0,0,0,0,0,0,0,0,0,0,2,0,0,0,0,0,0,0,0,1,0,0,6.5,0,0,13,0,0,0,1.5,1,26,0,0,0,0,0,0,0,0,0,0,0,0,8,0,0,0,0,3,4,0,0,0,0,6,0,0,0,0,0,0,0,0,0,0,0
"2006_Pzzu_par_12",0,0,0,0,0,0,1.5,0,2,0,0,0,0,0,0,0,0,16,0,0,0,0,0,0,0,0,15.5,0,0,0,0,0,0,0,0,0,0,0,0,2.5,0,0,0,0,0,0,0,0,0,0,0,0.5,0,1,1,0,0,0,0,0,0,0,0,0,1.5,0,1.5,0,1.5,14,0,0,0,0.5,0,20.5,0,0,0,0,0.5,0.5,0,0,0,0,0,0,0,0,1,1,0,1.5,8,0,0.5,0,0,7.5,0,0,0,0,0,0,0,0,0,0,0
"2006_Pzzu_par_13",0,0,0,0,0.5,0,1.5,0,0,0,0,0,1,0,0,0,0,17.5,0,0,0,0,0,0,0,0,21.5,0,0,0,0,0,0,1.5,0,0,0,0,0,2,0,0,0,0,0,0,0,0,0,0,0,0,0,0,0,0,0,0,0,0,0,0,0,0.5,0.5,0,5,0,0,10,0,0,0,0,0,24.5,0,0,0,0,0,0,0,0,0,0,0,0,0,0,1.5,1,0,0,1.5,0,0.5,0,0,9.5,0,0,0,0,0,0,0,0,0,0,0
"2006_Pzzu_par_14",0,0,0,0,0,0,0,0,0.5,0,0,0,0,0,0,0,0,5.5,0,0,0,0,0,0,0,0,0,0,0,0,0,0,0,0,0,0,0,0,0,0,0,0,0,0,0,0,0,0,0,0,0,1,0,0,0,0,0,0,0,0,0,0,0,0,0,0,12,0,0,1,0,0,0,0,0.5,16,0,0,0,0,0,0,0,0,0,0,0,19.5,30.5,0,0.5,0,8.5,3.5,0,0,0,0,0,0.5,0,0,0,0,0,0.5,0,0,0,0,0
"2006_Pzzu_par_15",0,0,0,0,0,0,0,0,0,0,0,0,0,0,0,0,0,11,0,0,0,0,0,0,0,0,0,0,0,0,0,0,0,0,0,0,0,0,0,0,0,0,0,0,0,0,0,0,0,0,0,0,0,1,1,0,0,0,0,0,0,0,0,0,5,0,3.5,0,0.5,3,0,0,0,0,0,31.5,0,0,0,0,0,0,0,0,0,0,0,27.5,14.5,0,0,0,0,0,0.5,0,0,0,0,0,0,0,0,0,0,1,0,0,0,0,0
"2006_Pzzu_par_16",0,0,0,0,15.5,0,0,0,0,0,0,0,1.5,0,0,0,0,16.5,0,0,0,0,0,0,0,0,0,0,0,0,0,0,3.5,0,0,0,0,0,0,0,0,0,0,0.5,0,0,4.5,0,0,0,0,0,0,0,0,0,0,0,0,0,0,0,0,0,1.5,0.5,6,2.5,0,7,0,0,0,0,0,29,0,0,0,0,0,0,0,0,0,0,0,5.5,1.5,0,0.5,2.5,0,0,0,0,0,0,0,1.5,0,0,0,0,0,0,0,0,0,0,0
"2006_Pzzu_par_17",0,0,0,0,7,0,1,0,0,0,0,0,15.5,0,0,0,0,0,0,0,0,0,0,0,0,0,17,0,0,0,0,0,0,0,0,0,0,0,0,0.5,0,0,0,1,0,0,0,0,0,0,0,0,0,0,2.5,0,0,0,0,0,0,0,0,0,0.5,0,8.5,0,0,6.5,0,0,0,0,0,8.5,0,0,0,0,1.5,0,0,0,0,0,0,0,25,0,0,0,0,2,2,0,0,0,0,0.5,0,0,0,0,0,0.5,0,0,0,0,0
"2006_Pzzu_par_18",0,0,0,0,0,0,1.5,0,0,0,0,0,1,0,0,0,0,1.5,0,0,0,0,0,0,0,0,26.5,0,0,0,0,0.5,0,0,0,0,0,0,0,0.5,0,0,0,0,0,0,0,0,0,0,0,0,8,0,1,0,0,0,0,0,0,0,0,0,0,0,4,0,0,12.5,0,0,0,0,0,24.5,0,0,0,0,0,0,0,0,0,0,0,0,5.5,0,0,0,0,0,3,0,0,0,0,8.5,0,0,0,0,0,1.5,0,0,0,0,0
"2006_Pzzu_par_19",0,0,0,0,0,0,1.5,0,0,0,0,0,0,0,0,0,0,1,0,0,0,0,0,0,0,0,0,0,0,0,0,2,0,19,0,0,0,0,0,1.5,0,0,1,5.5,0,0,0,0,0,0,0,0,0,0,0,0,0,0,0,0,0,0,0,0.5,0,0,14,1,0,21.5,0,0,0,0,1.5,13.5,0,0,0,0,0,0,0,0,0,0,0,0,0,0,0,2,0,0,1.5,0,0,0,0,12.5,0,0,0,0,0,0.5,0,0,0,0,0
"2006_Pzzu_par_20",0,0,0,0,0,0,0,0,0,0,0,0,4.5,0,0,0,0,7,0,0,0,0,0,0,0,0,0,0,0,0,0,0,0,0,0,0,0,0,0,0.5,0,0,0,12,0,0,0,0,0,0,0,0,0,0,2,0,0,0,0,0,0,0,0,0,2,0,9.5,0,0,2.5,0,0,0,0,0,10.5,0,0,0,0,0,0,0,0,0,0,0,3,43.5,0,0,0,0,0,0,0,0,0,0,1.5,0,0,0,0,0,1.5,0,0,0,0,0
"2006_Pzzu_par_21",0,0,0,0,3,0,2,0,0,0,0,0,32,0.5,0,0,0,7,0,0,0,0,0,0,0,0,0,0,0,0,0,0,0,0,0,0,0,0,0,1,0,0,0.5,0,0,0,0,0,0,0,0,0,0,0,6,0,0,0,0,0,0,0,0,0,2,0,2.5,0,0,14,0,0,0,0,1,9,0,0,0,0,0,0,0,0,0,0,0,0,11,0,0,0,0,0.5,1,0,0,0,0,6.5,0,0,0,0,0,0.5,0,0,0,0,0
"2006_Pzzu_par_22",0,0,0,0,0,0,0,0,0,0,0,0,4.5,0,0,0,0,1,0,0,0.5,0,0,0,0,0,0,0,0,0,0,0,0,0,0,0,0,0,0,0,0,0,1,6.5,0,0,0,0,0,0,0,0,0,0,1.5,0,0,0,0,0,0,0,0,0,0,0,4.5,10,0,14,0,0,0.5,0,0,42.5,0,0,0,0,0,0,0,0,0,0,0,0,0,0,0,0,0,0,8.5,0,0,0,0,4.5,0,0,0,0,0,0.5,0,0,0,0,0
"2006_Pzzu_par_23",0,0,0,0,0,0,4,0,0,0,0,0,10.5,0,0,0,0,12.5,0,0,4.5,0,0,0,0,0,0,0,0,0,0,0,0,0,0,0,0,0,0,0,0,0,3.5,1,0,0,0,0,0,0,1,0,0,0,0,0,0,0,0,0,0,0,0,0,0,0,3,0,0,12.5,0,0,0,0,0,29,0,0,0,0,0,0,0,0,0,0,0,11.5,0,0,0.5,0,0,0,1.5,0,0,0,0,4,0,0,0,0,0,1,0,0,0,0,0
"2006_Pzzu_par_24",0,0,0,0,0,0,5,0,1,0,0,0,0,0,0,0,0,6.5,0,0,5.5,0,0,0,0,0,1.5,0,0,0,0,0,0,0,0,0,0,0,0,1,0,0,0,3.5,0,0,0,0,0,1.5,0,0,0,0,1.5,0,0,0,0,0,0,0,0,0,4,0,1,0,0,5,0,0,0,0,0.5,27,0,0,0,0,0,0,0,0,0,0,0,26.5,0,0,0.5,3.5,0,0,0.5,0,0,0,0,4.5,0,0,0,0,0,0,0,0,0,0,0
"2011_Pzzu_par_1",0,0,0,0,18.5,0,0,0,0,0,0,0,5,0,0,7,0,0,0,0,0,0,0,0,0,0,0,0,0,0,0,0,0,0,0,0,0,0,0,0,0,0,0,19,2.5,0,0,2,0,0.05,0,6,0,0,0,0,0,0,0,0,0,0,0,0,0,0,6.5,0,0,0,0.05,0,0,0,0.5,1.5,0,0,0,2,0,0,0,0,0,0,0,0.5,18,0,0,0.5,6.5,0,1,0,0,0,3,0,0,0,0,0,0,0,0,0,0,0,0
"2011_Pzzu_par_2",0,0,0,0,33.5,0,0,0,0,0,1.5,0,1,0,0,0,0,0,0,0,0,0,1,0,0,0,0,0,0,0,0,0,3.5,0,0,0,0,0,0,0,0,0,0,0,0,0,0,2,0,0,0,11.5,1,0,0.5,0,0,0,0,0,0,0,0,0,0,0,3.5,0,0,0.5,0,0,0.5,0,0.5,15.5,0,0,0,0,0,0,0,0,1,0,0,1,14,0,0,6.5,1,0,0,0,0,0,0,0,0,0,0,0,0,0.5,0,0,0,0,0
"2011_Pzzu_par_3",0,0,0,0,5,0,0,0,0,0,1,0,0,0,0,0,0,0,0,0,0,0,0,0,0,0,0,0,0,0,0,0,0,0,0,0,0,0,0,0.5,0,0,0,21.5,0,0,0,1.5,0,0,0,0,0,0,2,0,0,0,0,0,0,0,0,0,0,0,12,9,9.5,2,0,0,0,0,0,4.5,0,0,0,1.5,0,0,0,0,0,0,0,2,22.5,0,0,2,0,0,0.5,0.5,0,0,0.5,0,0,0,0,0,0,0,0,2,0,0,0
"2011_Pzzu_par_4",0,0,0,0,0,0,0,0,0,0,0,0,5.5,0,0,0,0,0,0,0,0,0,0,0,0,0,0,0,0,0,0,0,0,10.5,0,0,0,0,0,0,0,0,0,13.5,0,0,0,0,0,0,0,0,0,0,0,0,0,0,0,0,0,0,0,0,0,0,7.5,0,2.5,0.5,0,0,0.5,0.5,0,14.5,0,0,0,0,0,0,0,0,0,0,0,0,35.5,0,0,5.5,0,0,1,0,0,0,0,0.5,0,0,0,0,0,1.5,0,0.5,0,0,0
"2011_Pzzu_par_5",0,0,0,0,6.5,0,0,0,0,0,0,0,0,0,0,0,0,6,0,0,0,0,0,0,0,0,4,0,0,0,7,0,1,0,0,0,0,0,0,1,0,0,0,22.5,0,0,0,1,0,0,0,0.5,0,0,2.5,0.5,0,0,0,0,0,0,0,0,0,0,18.5,0,0,14.5,0,0,1,0,0.5,8.5,0,0,0,0,0,0,0,0,0,0,0,0,1,0,1,0,0,0,1,0,0,0,0,0,0,0,0,0,0,1.5,0,0,0,0,0
"2011_Pzzu_par_6",0,0,0,0,16.5,0,0,0,0,0,0,0,0,0,0,0,0,11,0,0,0,0,0,0,0,0,2.5,0,0,0,1,0,0,0,0,0,0,0,0,0.5,0,0,0,18.5,0,0,0,0,0,0,0,0,1.5,0,5.5,0,0,0,0,0,0,0,0,1,0,0,3.5,1,0,9.5,0,0,0,0,1,20,0,0,0,0,0,0,0,0,0,0,0,0.5,0,0,0,3.5,0,0,1,1.5,0,0,0,0,0,0,0,0,0,0.5,0,0,0,0,0
"2011_Pzzu_par_7",0,0,0,0,57.5,0,0,0,0,0,0,0,0,0,0,0,0,0,0,0,0,0,0,0,0,0,0,0,0,0,0,0,0,0,0,0,0,0,0,0,0,0,0,19.5,3,0,0,0.5,0,0.05,0,2.5,0,0,0,0,1,0,0,0,0,0,0,0,0,0,6.5,0,0,1,0.05,0,0,0,0,1.5,0,0,0,0,0,0,0,0,0,0,0,0,0.5,0,0,6,0,0,0,0,0,0,0,0,0,0,0,0,0,0.5,0,0,0,0,0
"2011_Pzzu_par_8",0,0,0,0,37.5,0,0,0,1,0,0,0,0,0,0,0,0,0,0,0,0,0,0,0,0,0,0,0,0,0,2.5,0,0,0,0,0,0,0,0,0,0,0,0,18,0.5,0,0,1.5,0,0,0,4,0,0,4.5,0,0,0,0,0,0,0,0,0,0,0,4,0,0,0.5,0,0,0.5,0,0,3.5,0,0,0,0,0,0,0,0,0,0,0,18,0,0,0,3,0,0,0,0,0,0,0,0,0,0,0,0,0,1,0,0,0,0,0
"2011_Pzzu_par_9",0,0,0,0,21.5,0,0,0,0.5,0,15,0,0,0,0,0,0,0,0,0,0,0,0,0,0,0,0,0,0,0,0,0,0,2,0,0,0,0,0,0,0,0,0,26,0,0,0,3.5,0,0,0,0,0.5,0,2,0,0,0,0,0,0,0,0,0,0,0,4.5,1.5,0,1,0,0,0,0,0.5,5.5,0,0,0,0,0,0,0,0,0,0,0,6.5,4.5,0,0,0.5,0,1,1.5,0,0,0,0.5,0.5,0,0,0,0,0,0.5,0,0.5,0,0,0
"2011_Pzzu_par_10",0,0,0,0,1.5,0,0,0,0.5,0,0,0,0,0,0,0,0,0.5,0,0,1,0,0,0,0,0,0,0,0,0,0,0,0,0,0,0,0,0,0,1,0,0,0,18,0,0,0,0,0,0,0,0,0,0,0.5,0,0,0,0,0,0,0,0,1,0.5,0,5,0,3.5,6,0,0,0,0,0.5,26,0,0,0,0,0,0,0,10.5,0,0,0,5,15,0,0,0,0,3,1,0,0,0,0,0,0,0,0,0,0,0,0,0,0,0,0
"2011_Pzzu_par_11",0,0,0,0,0.5,0,0.5,0,0,0,0,0,0,0,0,0,0,3,0,0,0,0,0,0,0,0,18,0,0,0,0,0,0,0,0,0,0,0,0,0.5,0,0,0,9,0,0,0,0,0,0,0,0,0,0,0,0,0,0,0,0,0,0,0,0,0,0,10.5,0,2,11,0,0,0,1.5,0,13,0,0,0,0,0,0,0,0,0,0,0,0,12,0,0,0.5,0,4,4.5,0,0,0,1,8,0,0,0,0,0,0,0,0.5,0,0,0
"2011_Pzzu_par_12",0,0,0,0,0,0,1,0,0,0,0,0,0,0,0,0,0,2.5,0,0,0,0,0,0,0,0,21,0,0,0,0,0,0,0,0,0,0,0,0,0.5,0,0,0,4,0,0,0,0,0,0,0,0,13,1.5,0.5,0,0,0,0,0,0,0,0,0,3,0,6.5,0,1.5,9.5,0,0,0,0,1,13,0,0,0,0,0,1.5,0,0,0,0,0,0,8,0,0,0.5,0,3.5,6,0,0,0,0,2,0,0,0,0,0,0,0,0,0,0,0
"2011_Pzzu_par_13",0,0,0,0,0,0,0,0,0,0,0,0,0,0,0,0,0,8.5,0,0,0,0,0,0,0,0,14.5,0,0,0,0,0,1,0,0,0,0,0,0,0.5,0,0,0,1,0,0,0,0,0,0,0,0,0,0,2,0,0,0,0,0,0,0,0,1,0,0,29,0,0,11.5,0,0,0,0,1.5,13,0,0,0,0,0,0,0,1,0,0,0,0,0,0,1,0,0,4.5,8.5,0,0,0,0,1,0,0,0,0,0,0.5,0,0,0,0,0
"2011_Pzzu_par_14",0,0,0,0,0.5,0,0,0,0,0,0,0,0,0,0,0,0,2,0,0,0,0,0,0,0,0,0,0,0,0,0,0,0,0,0,0,0,0,0,0,0,0,1,0,0,0,0,0,0,0,0,7,0,0,1,0,0,0,0,0,0,0,0,0,0,0,10,0,4,0,0,0,0,0.5,0.5,22.5,0,0,0,0,0.5,1,0,0,0,0,0,6,28,0,0,3.5,12,0,0,0,0,0,0,0,0,0,0,0,0,0,0,0,0,0,0
"2011_Pzzu_par_15",0,0,0,0,0,0,1.5,0,0,0,0,0,11.5,0,0,0,0,11.5,0,0,0,0,0,0,0,0,0,0,0,0,0,0,0,0,0,0,0,0,0,0,0,0,0,0,0,0,0.5,0,0,0,0,0,3.5,0.5,2,0,0,0,0,0,0,0,0,0,0,0,5,0,0,6.5,0,0,0,0,0,21,0,0,0,0,1,0,0,0,0,0,0,25.5,9,0,0,0,0,0,1,0,0,0,0,0,0,0,0,0,0,0,0,0,0,0,0
"2011_Pzzu_par_16",0,0,0,0,3,0,1.5,0,0,1,5.5,0,0,0,0,0,0,8.5,0,0,0,0,0,0,0,0,0,0,0,0,0,0,0,0,0,0,0,0,0,0,0,0,0,19.5,0,0,1,0,0,0,0,0,0,0,1.5,0,0,0,0,0,0,0,0,0,0,0,25,0,0,8.5,0,0,0,0,1.5,9,0,0,0,0,0,0,0,0,0,0,0,3.5,4.5,0,1,1,0,1.5,1,0.5,0,0,1,0.5,0,0,0,0,0,0,0,0,0,0,0
"2011_Pzzu_par_17",0,0,0,0,4.5,0,1,0,0,0,0,0,0,0,0,0,0,0,0,0,0,2,0,0,0,0,0,0,0,0,0,0,0,3,0,0,0,0,0,1,0,0,0.5,36,0,0,0,0,0,0,0,0,0,1.5,1,0,0,0,0,0,0,0,0,0,0,0,14,0,0,9,0,0,0,0,0,0,0,0,0,4,0,0,0,0,0,0,0,0,20,0,0,0,0,0,2,0,0,0,0,0,0,0,0,0,0,0,0,0.5,0,0,0
"2011_Pzzu_par_18",0,0,0,0,0,0,0,0,0.5,0,0,0,6.5,0,0,0,0,0,0,0,0,0,0,0,0,0,13,0,0,0,0,0,0,0,0,0,0,0,0,0.5,0,0,0,20.5,0,0,0,0,0,0,0,0,7.5,0,1.5,0,0,0,0,0,0,0,0,0.5,0,0,7,0,0,11,0,0,0,0,0,7,0,0,0,0,0,0,0,4,0.5,0,0,0,8,0,1.5,5,0,0,1.5,3,0,0,0,0.5,0,0,0,0,0,0.5,0,0,0,0,0
"2011_Pzzu_par_19",0,0,0,0,2,0,0,0,0,0,0,0,0,0.5,0,0,0,0,0,0,0,0,0,0,0,0,5,0,0,0,0,0.5,0,1,0,0,0,0,0,0,0,0,1,25,0,0,0,0,0,0,0,0,0,0.5,0,0,0,0,0,0,0,0,0,0.5,0,0,27,0,0,12.5,0,0,0,0,0,7.5,0,0,0,0,0,0,0,0,0,0,0,0,0,0,2,1.5,0,6,5,2,0,0,0,0.5,0,0,0,0,0,0,0,0,0,0,0
"2011_Pzzu_par_20",0,0,0,0,0,0,0,0,0,0,0,0,0,0,0,0,0,0,0,0,0,0,0,0,0,0,0,0,0,0,0,0,0,0,0,0,0,0,0,0.5,0,0,0,30,0,0,0,0,0,0,0,3.5,0,0,0.5,0,0,0,0,0,0,0,0,0,0,0,26,0,0,1.5,0,0,0.5,0,0,2.5,0,0,0,0,0,0,0,0,1.5,0,0,0,26,0,0,5,0,0,0.5,0,0,0,0,1.5,0,0,0,0,0,0.5,0,0,0,0,0
"2011_Pzzu_par_21",0,0,0,0,0,0,0,0,0,0,0,0,5.5,0,0,0,0,0,0,0,0,0,0,0,0,0,0,0,0,0,0,0,0,0,0,0,0,0,0,0,0,0,0,31.5,0,0,0,0,0,0,0,0,0,0,1.5,0,0,0,0,0,0,0,0,0,0.5,0,25.5,0,0,10,0,0,0,0,1,1.5,0,0,0,0,0,0,0,0,0,0,0,0,18,0,0,0,0,0,4.5,0.5,0,0,0,0,0,0,0,0,0,0,0,0,0,0,0
"2011_Pzzu_par_22",0,0,0,0,2,0,1,0,0,0,0,0,0.5,0.5,0,0,0,0,0,0,0.5,0,0,0,0,0,0,0,0,0,0,0,0,0,0,0,0,0,0,0.5,0,0,0,38.5,0,0,0.5,0,0,0,0,0,0,0,1,0,0,0,0,0,0,0,0,0,0,0,24,4,0,11,0,0,0,0,1,0.5,0,0,0,0,0,0,0,0,0,0,0,0,4.5,0,0,0,0,0.5,5.5,2,0,0,0,1,0,0,0,0,0,0,0,0,1,0,0
"2011_Pzzu_par_23",0,0,0,0,4.5,0,0,0,0,0,0.5,0,10.5,0,0,0,0,1,0,0,0.5,0,0,0,0,0,0,0,0,0,0,0,0,0,0,0,0,0,0,0,0,0,0,45,0,0,0,0,0,0,0,0,0,0,3,0,0,0,0,0,0,0,0,0,0,0,14,0,0,7,0,0,0,0,0,5,0,0,0,0,0,0,0,0,0,0,0,0,0,0,1,4,0,2,0,1,0,0,0,0,0,0,0,0,0,0.5,0,0,0,0,0.5
"2011_Pzzu_par_24",0,0,0,0,0,0,3.5,0,1.5,0,0,0,0,0,0,0,0,5,0,0,1,0,0,0,0,0,3,0,0,0,0,0,0.5,0,0,0,0,0,0,0.5,0,0,0,15,0,0.5,0,0,0,0,0,0,0.5,0,0,0,0,0,0,0,0,0,0,1,1,0,2,0,2.5,8.5,0,0,0,0,0,32.5,0,0,0,0,0,0,0,0,0,0,0,0,0,0,3,4,0,0,3,2.5,0,0,0,3.5,5.5,0,0,0,0,0,0,0,0,0,0
"2018_Pzzu_par_1",0,0,0,0,24.5,0,0,0,0.5,0,5,0,0,0,0,0,0,0,0,0,0,0,0,0,0,0,0,0,0,0,0,0,0,0,0,0,0,0,0,0,0,0,0,8,0,0,0,0,0,0,0,3.5,0,0,0,0,0,0,0,0,0,0,0,0,0,0,4.5,0,7.5,0,0,0,0,0,0.5,2.5,0,0,0,0,1,0,0,1.5,0,0,0,0,22,0,0,0,19,0,0,0,0,0,0,0,0,0,0,0,0,0,0,0,0,0,0
"2018_Pzzu_par_2",0,0,0,0,11,0,0,0,2,0,12,0,0,0,0,0,0,0,0,0,0,0,0.5,0,0,0,0,0,0,0,0,0,0,1,0,0,0,0,0,0,0,0,0,26,5.5,0,0,0,0,0.5,0,4,0,0,0,0,0,0,0,0,0,0,0,0,0.5,0,0,0,0,0,0,0,0,0,1,5.5,0,0,0,0,1,0,0,0,2,0,0,0,17.5,0,0,5,1.5,0,0,0,0,0,2,0,0,0,0,0,1,0,0,0,0,0,0.5
"2018_Pzzu_par_3",0,0,0,0,8.5,0,0,0,0,0,12,0,0,0,0,0,0,0,0,0,0,0,0,0,0,0,0,0,0,0,0,0,0,0,0,0,0,0,0,0,0,0,0,13.5,0,0,0,0,0,0,0,3,1,0,0,0,0,0,0,0,0,0,0,0,0,0,2.5,0,4,0,0,0,0,0,0.5,15,0,0,0,0,0,0,0,3,0,0,0,0,31.5,0,0,0,0,1,1.5,2,0,0,0,0,0,0,0,0,0,1,0,0,0,0,0
"2018_Pzzu_par_4",0,0,0,0,45,0,0,0,0.5,0,4.5,0,0,0,0,0,0,0,0,0,0,0,0,0,0,0,0,0,0,0,0,0,0,1.5,0,0,0,0,0,0,0,0,1,5,0,0,0,0,0,0,0,1.5,0.5,0,0,0,0,0,0,0,0,0,0,0,0,0,3.5,0,0,0.5,0,0,0,0,0,6.5,0,0,0,0,0.5,0.5,0,0,0,0,0,0,21.5,0,0,3.5,0,0,0,0,0,0,2.5,0,0,0,0,0,0,1,0,0.5,0,0,0
"2018_Pzzu_par_5",0,0,0,0,16.5,0,0,0,0,0,7.5,0,0,0,0,0,0,0,0,0,0,0,0,0,0,0,0,0,0,0,6,3.5,0,0,0,0,0,0,0,1,0,0,0,20,0,0,0,0,0,0,0,6,0,0,0,0,0,0,0,0,0,0,0,0,1.5,0,12.5,0,0,10.5,0,0,0,0,0.5,4.5,0,0,0,0,0,0,0,0,0,0,0,2,0,0,0,0,0,0,2.5,0,0,0,3,0,0,0,0,0,0,2.5,0,0,0,0,0
"2018_Pzzu_par_6",0,0,0,0,25,0,0,0,0,0,4,0,0,0,0,0,0,0,0,0,0,0,0,0,0,0,1.5,0,0,0,0,0,0,0,0,0,0,0,0,0.5,0,0,0,23.5,0,0,0,0,0,0,0,0.5,0.5,0,0,0,0,0,0,0,0,0,0,0,0,0,1,0,0,9.5,0,0,0,0,3,18,0,0,0,0,0,0,0,5.5,0,0,0,1,0,0,0,0.5,0,0,2,0,0,0,0,0,0,0,0,0,0,0,0,0,4,0,0
"2018_Pzzu_par_7",0,0,0,0,22,0,0,0,0,0,0,0,0,0,0,0,0,0,0,0,0,0,0,0,0,0,0,0,0,0,0,0,0,0,0,17.5,0,0,0,0,0,0,0,20.5,3,0,0,0,0,0,0,7.5,0,0,0,0,1.5,0,0,0,0,0,0,0,0,0,2.5,0,0,0,0,0,0,0,0,7.5,0,0,0,0,0,0,0,0,0,0,0,0,0,0,0,17,0,0,0,0,0.5,0,0,0,0,0,0,0,0,0.5,0,0,0,0,0
"2018_Pzzu_par_8",0,0,0,0,46.5,0,0,0,0,0,7.5,0,0,0,0,0,0,0,0,0,0,0,0.5,0,0,0,0,0,0,0,2,0,0,0,0,0,0,0,0,0,0,0,0,12.5,1,0,0,1.5,0,0,0,3,0,0,0,0,0.5,0,0,0,0,0,0,0,0,0,2.5,0,0,2.5,0,0,0,0.5,0,0,0,0,0,0,0,0,0,0,0,0,0,0,2,0,0,17.5,0,0,0,0,0,0,0,0,0,0,0,0,0,0,0,0,0,0,0
"2018_Pzzu_par_9",0,0,0,0,15.5,0,0,0,1.5,0,20,0,0,0,0,0,0,0,0,0,0,0,0,0,0,0,0,0,0,0,1,0,0.5,0,0,0,0,0,0,0,0,0,0,19,0,0,0,0,0,0,0,1.5,1.5,0,0,0,0,0,0,0,0,0,0,0,0,0,5.5,0,0.5,1.5,0,0,0,0,0.5,9,0,0,0,0,0,0,0,0,0,0,0,0,19,0,0,1,0,1.5,0,0,0,0,0.5,0,0,0,0,0,0,0.5,0,0,0,0,0
"2018_Pzzu_par_10",0,0,0,0,1,0,0,0,0.5,0,3.5,0,0,0,0,0,0,0,0,0,0,0,0,0,0,0,0,0,0,0,0,0,0,0,0,0,0,0,0,0,0,0,0,28,0,0,0,0,0,0,0,0,0,0.5,0,0,0,0,0,0,0,0,0,0,0.5,0,2,0,3.5,21,0,0,0,0,0.5,26,0,0,0,0,0,0,0,0,0,0,0,0,6,0,0,0.5,0,6,0,0,0,0,0,0,0,0,0,0,0,0.5,0,0,0,0,0
"2018_Pzzu_par_11",0,0,0,0,8,0,0,0,0,0,0,0,0,0,0,0,0,0,0,0,0,0,0,0,0,0,0,0,0,0,0,0,0,0,0,0,0,0,0,1,0,0,0,23,0,0,0,0,0,0,0,0,0,1,0,0,0,0,0,0,0,0,0,0,0.5,0,5.5,0,4.5,21.5,0,0,0,0,1,17,0,0,0,0,0,0,0,0,0,0,0,0,8,0,0,0,0,7,1,0,0.5,0,0,0,0,0,0,0,0,0.5,0,0,0,0,0
"2018_Pzzu_par_12",0,0,0,0,0,0,1,0,0,0,7.5,0,0,0,0,0,0,1,0,0,0,0,0,0,0,0,2,0,0,0,0,0.5,0,1.5,0,0,0,0,0,1,0,0,0,13,0,0,1,0,0,1.5,0,0,7,1,0.5,0,0,0,0,0,0,0,0,0,4.5,0,0.5,0,0,12,0,0,0,0.5,3,13,0,0,0,0,0,0,0,0,0,0,0,0,1,0,0,2.5,0,6,10,2.5,0,0,4,2,0,0,0,0,0,0,0,0,0,0,0
"2018_Pzzu_par_13",0,0,0,0,0,0,0,0,0,0,0,0,0,0.5,0,0,0,0,0,0,0,0,0,0,0,0,12.5,0,0,0,0,0,0,0,0,0,0,0,0,0,0,0,0,8.5,0,0,0,0,0,0,0,0,0,0,0,0,0,0,0,0,0,0,0,1,0,0,1.5,0,0,10.5,0,0,0,0,3,42.5,0,0,0,0,2,0,0,0,0,0,0,0,0,0,2,2.5,0,6,3,0,0,0,0,3.5,0,0,0,0,0,0,0,1,0,0,0
"2018_Pzzu_par_14",0,0,0,0,8,0,0,0,0.5,0,2.5,0,0,0,0,0,0,0,0.5,0,0,0,0,0,0,0,0,0,0,0,0,0,0,0,0,0,0,0,0,0,0,0,0,9.5,4,0,0,0,0,1,0,11,2.5,0,0,0,0,0,0,0,0,0,0,0,3,0,0,0,1.5,0,0,0,0,1,0,19.5,0,0,0,0,0,0,0,0,0,0,0,0,21,0,0.5,0,13.5,0,0,0,0,0,0,0.5,0,0,0,0,0,0,0,0,0,0,0
"2018_Pzzu_par_15",0,0,0,0,3,0,0,0,0.5,0,9.5,0,0,0,0,0,0,0,0,0,0,0,0,0,0,0,0,0,0,0,0,0,0,0,0,0,0,0,0,0,0,0,0,9,0,0,0,0,0,0,0,0.5,1,0,1,0,0,0,0,0,0,0,0,0,0,0,0.5,0,0,6,0,0,0,0,0.5,44.5,0,0,0,0,1,0,0,0,0,0,0,16.5,5.5,0,0,1,0,0,0,0,0,0,0,0,0,0,0,0,0,0,0,0,0,0,0
"2018_Pzzu_par_16",0,0,0,0,31,0,0,0,0,0,15.5,0,0,0.5,0,0,0,0,0,0,0,0,0,0,0,0,0,0,0,0,0,0,0,0,0,0,0,0,0,0.5,0,0,0,12.5,2.5,0,0,0,0,0,0,0,0,0,0.5,0,0,0,0,0,0,0,0,0,0,0,10.5,0,0,12,0,0,0,0,0,5.5,0,0,0,0,0,0,0,0,0,0,0,1.5,0.5,0,0,3.5,0,0,0,3,0,0,0.5,0,0,0,0,0,0,0,0,0,0,0,0
"2018_Pzzu_par_17",0,0,0,0,5,0,0,0,0,0,5.5,0,0,0,0,0,0,0,0,0,0,0,0,0,0,0,0,0,0,0,0,0,0,0,0,0,0,0,0,0,0,0,0,50,0.5,0,0,0,0,0,0,0,0,0,0.5,0,0,0,0,0,0,0,0,0,0,0,7,0,0,0,0,0,0,0,0,0,0,0,0,0,0,0,0,0,0,0,0,0,21,0,0,3,0,0,0,7.5,0,0,0,0,0,0,0,0,0,0,0,0,0,0,0
"2018_Pzzu_par_18",0,0,0,0,0,0,1,0,0,0,5,0,0,0,0,0,0,0,0,0,0,0,0,0,0,0,5.5,0,0,0,0,0.5,0.5,0,0,0,0,0,0,0,0,0,0,32.5,3,0,0,0,0,0,0.5,0,0,0,0.5,0,0,0,0,0,0,0,0,0,0,0,10,0,0,10.5,0,0,0,0,0.5,10.5,0,0,0,0,0.5,0,0,0,0,0,0,0,5.5,0,0,3,0,0,4,3,0,0,0,0.5,0,0,0,0,1,2,0,0,0,0,0
"2018_Pzzu_par_19",0,0,0,0,7.5,0,0,0,0,0,0,0,0,0,0,0,0,0,0,0,0,0,0,0,0,0,0,0,0,0,0,0,0,0,0,0,0,0,0,0,0,0,0,29.5,0,0,0,0,0,0,0,0.5,0,1,0.5,0,0,0,0,0,0,0,0,0.5,0,0,3.5,0,5,24.5,0,0,0,0,0,18,0,0,0,0,0,0,0,0,0,0,0,0,0,0,0.5,0.5,0,6.5,1,1,0,0,0,0,0,0,0,0,0,0,0,0,0,0,0
"2018_Pzzu_par_20",0,0,0,0,12,0,0,0,0,0,1,0,0,0,0,0,0,0,0,0,0,0,0,0,0,0,0,0,0,0,0,0,0,0,0,0,0,0,0,0,0,0,0,36,0,0,0,0,0,0,0,8.5,0,0,0,0,0,0,0,0,0,0,0,0,0,0,11.5,0,0,0.5,0,0,0,0,0.5,0,0,0,0,0,0,0,0,0,0,0,0,0,18,0,0,7.5,0,0,0,4,0,0,0.5,0,0,0,0,0,0,0,0,0,0,0,0
"2018_Pzzu_par_21",0,0,0,0,12.5,0,0,0,0,0,0,0,2,0,0,0,0,0.5,0,0,0,0,0,0,0,0,0,0,0,0,0,0,0,0,0,0,0,0,0,0,0,0,0,25,0,0,0,0,0,0,0,0,0,0,0,0,0,0,0,0,0,0,0,0,0,0,8,0,0,5.5,0,0,0.5,0,0,12,0,0,0,0,0,0,0,0,0,0,0,0,17,0,0,1,0,0.5,0,6,0,0,0,0,0,0,0,0,0,0,0,0,9.5,0,0
"2018_Pzzu_par_22",0,0,0,0,8,0,0,0,0,0,4.5,0,2,0,0,0,0,0,0,0,0,0,0,0,0,0,0,0,0,0,0,0,0,0,0,0,0,0,0,0,0,0,0,34.5,0,0,0,0,0,0,0,0,0,0,0,0,0,0,0,0,0,0,0,0,0,0,3,15.5,0,14,0,0,0,0,0,2,0,0,0,0,0,0,0,0,0,0,0,0,1,0,0,0,0,2.5,0.5,4.5,0,0,0,0,0,0,0,0,0,0,0,0,8,0,0
"2018_Pzzu_par_23",0,0,0,0,12,0,0,0,0,0,0.5,0,0,0,0,0,0,0,0,0,0,0,0,0,0,0,0,0,0,0,0,0,0,0,0,0,0,0,0,0,0,0,1,47,0,0,0,0,0,0,0,0,0,0.5,0,0,0,0,0,0,0,0,0,0,0,0,6.5,0,1,16.5,0,0,0,0,1,3.5,0,0,0,0,0,0,0,0,0,0,0,0,0.5,0,1,6.5,0,0,0,2,0,0,0,0,0,0,0,0,0,0,0,0,0,0,0.5
"2018_Pzzu_par_24",0,0,0,0,10.5,0,0,0,0.5,0,13.5,0,0,0,0,0,0,0,0,0,0,0,0,0,0,0,0,0,0,0,0,0,1,0,0,0,0,0,0,0,0,0,0,7.5,0,0,0,0,0,0,0,0,3,1,0,0,0,0,0,0,0,0,0,0,0.5,0,1,0,0,10.5,0,0,0,0,0.5,43,0,0,0,0,0.5,0,0,0,0,0,0,0,0,0,1,6,0,0,0,0,0,0,0,0,0,0,0,0,0,0,0,0,0,0,0
"1999_Gabin_par_1",0,0,0,0,3,0,0,0,0,0,0,0,0,0,0,0,0,0,0,0,0,0,0,0,0,0,0,0,0,0,0,0,0,0,0,0,0,0,0,0,0,0,0,19,0,0,0,0,0,0,24,0,0,0,0,0,0,0,0,0,0,0,0,0,0,0,0,0,0,0,0,0,0,0,0,0,0,0,0,0,0,0,0,0,0,0,0,51,0,0,0,0,0,0,0,0,0,2,0,0,0,0,0,0,0,1,0,0,0,0,0
"1999_Gabin_par_2",0,0,0,0,0,0,0,0,0,0,0,0,0,0,0,0,0,0,0,0,0,0,0,0,0,0,0,0,0,0,0,0,0,0,0,0,0,0,0,0,0,0,0,0,0,0,0,0,0,0,0,0,0,0,0,0,0,0,0,0,0,0,0,0,0,0,0,66,0,0,0,0,0,0,0,0,0,0,0,0,0,0,0,0,0,0,0,33,1,0,0,0,0,0,0,0,0,0,0,0,0,0,0,0,0,0,0,0,0,0,0
"1999_Gabin_par_3",0,1,0,0,5,0,0,0,3,0,0,0,0,0,0,0,0,0,0,0,0,0,0,0,0,0,0,0,0,0,0,0,0,0,0,0,0,0,0,0,0,0,0,29,0,0,0,0,0,15,9,0,0,0,0,0,0,0,0,0,0,0,0,0,0,0,0,0,0,0,0,0,2,0,0,13,0,0,0,0,0,0,0,0,0,2,0,20,0,0,0,0,0,0,1,0,0,0,0,0,0,0,0,0,0,0,0,0,0,0,0
"1999_Gabin_par_4",0,0,0,0,0,1,0,0,0,0,0,0,0,0,0,0,0,0,0,19,0,0,0,0,0,0,0,0,0,0,0,0,0,0,0,0,0,0,0,0,0,0,0,0,0,0,0,0,0,0,3,0,0,0,0,0,0,0,0,0,0,0,0,0,0,0,0,0,0,0,0,0,0,0,0,10,0,0,0,0,1,0,0,0,5,0,0,59,0,0,0,0,0,0,2,0,0,0,0,0,0,0,0,0,0,0,0,0,0,0,0
"1999_Gabin_par_5",0,0,0,0,0,0,0,0,0,0,0,0,0,0,0,0,0,0,0,2,0,0,0,0,0,0,0,0,0,9,0,1,0,0,0,0,0,0,0,0,0,0,0,0,0,0,0,0,0,0,2,0,0,0,0,0,0,0,0,1,0,0,0,0,0,0,0,0,0,0,0,0,0,0,0,13,0,0,0,0,0,0,0,0,0,0,0,69,0,0,0,0,0,0,3,0,0,0,0,0,0,0,0,0,0,0,0,0,0,0,0
"1999_Gabin_par_6",0,0,0,0,0,0,0,0,0,0,0,0,0,0,0,0,0,0,0,0,0,0,0,0,0,0,0,0,0,0,0,0,0,0,0,0,0,0,0,0,0,0,0,8,0,0,0,0,0,0,7,0,0,0,0,0,0,0,0,0,0,0,0,0,2,0,0,0,0,0,0,0,0,0,0,35,0,0,0,1,0,0,0,0,0,0,0,32,3,0,0,0,0,0,3,0,0,0,3,0,0,0,0,6,0,0,0,0,0,0,0
"1999_Gabin_par_7",0,2,0,0,0,0,0,0,0,0,0,0,0,0,0,0,0,0,0,0,0,0,0,0,0,0,0,0,0,0,0,0,0,0,0,0,0,0,0,0,0,0,1,0,0,0,0,0,0,0,0,0,0,0,0,0,0,0,0,0,0,0,0,0,5,0,0,0,0,0,0,0,0,0,0,30,0,0,0,0,0,0,0,0,0,0,0,27,17,0,0,0,11,0,6,0,0,0,0,0,0,0,0,1,0,0,0,0,0,0,0
"1999_Gabin_par_8",0,0,0,0,0,0,0,0,0,0,0,0,0,0,0,0,0,0,0,2,0,0,0,0,0,0,0,0,0,0,0,0,0,0,2,0,0,0,0,0,0,3,0,0,0,0,0,0,0,0,2,0,0,0,0,0,0,0,0,0,0,0,0,0,0,0,0,0,0,0,0,0,0,0,0,1,1,0,9,1,0,0,0,0,0,0,0,75,0,0,0,0,0,0,3,0,0,0,0,0,0,0,0,0,0,1,0,0,0,0,0
"1999_Gabin_par_9",0,0,0,0,12,0,0,0,0,17,0,0,0,0,0,0,0,0,0,0,0,0,0,0,0,0,0,0,0,0,0,0,0,0,0,0,0,0,0,0,0,0,0,9,0,0,0,0,0,0,0,0,0,0,0,0,0,0,0,0,0,0,0,0,0,0,0,0,0,0,0,0,0,0,0,28,0,0,0,0,0,0,0,0,0,0,0,34,0,0,0,0,0,0,0,0,0,0,0,0,0,0,0,0,0,0,0,0,0,0,0
"1999_Gabin_par_10",0,0,0,0,0,0,0,0,0,0,0,0,0,0,0,0,0,0,0,0,0,0,0,0,0,0,0,0,0,0,0,0,0,0,0,0,0,0,0,0,0,0,0,0,0,0,0,0,0,0,0,0,0,0,0,0,0,0,0,0,0,0,0,0,0,0,0,0,0,0,0,0,0,0,0,0,0,0,45,0,0,0,0,0,0,0,0,55,0,0,0,0,0,0,0,0,0,0,0,0,0,0,0,0,0,0,0,0,0,0,0
"1999_Gabin_par_11",0,0,0,0,5,0,0,0,1,0,0,0,0,0,0,0,0,0,0,0,0,0,0,0,0,0,0,0,0,0,0,0,0,0,0,0,0,2,0,0,0,0,0,1,0,0,0,0,0,0,6,0,0,0,0,0,0,0,0,0,0,0,0,0,0,0,0,0,0,0,0,0,0,0,0,8,0,0,0,0,0,0,0,0,0,3,0,67,0,7,0,0,0,0,0,0,0,0,0,0,0,0,0,0,0,0,0,0,0,0,0
"1999_Gabin_par_12",0,0,0,0,0,0,0,0,0,0,0,0,0,0,0,0,0,0,0,0,0,0,0,0,0,0,0,0,0,0,0,0,0,0,0,0,0,0,0,0,0,0,0,0,0,0,0,0,0,0,1,0,0,0,0,0,0,0,0,0,0,0,0,0,0,0,0,0,0,0,0,0,0,0,0,26,0,0,0,0,0,0,0,0,0,0,0,66,0,7,0,0,0,0,0,0,0,0,0,0,0,0,0,0,0,0,0,0,0,0,0
"1999_Gabin_par_13",0,0,0,0,20,0,0,0,0,0,0,0,0,0,0,0,0,0,0,0,0,0,0,0,0,0,0,0,0,6,0,0,0,0,0,0,0,7,0,0,0,0,0,6,0,0,0,0,0,0,11,0,0,0,0,0,0,0,0,0,0,0,0,0,0,0,0,0,0,0,0,0,1,0,0,27,0,0,0,0,0,0,0,0,0,0,0,17,0,0,0,1,0,0,0,0,0,0,0,0,0,0,0,4,0,0,0,0,0,0,0
"1999_Gabin_par_14",0,0,0,0,0,0,0,0,0,0,0,0,0,0,0,0,0,0,0,21,0,0,0,0,0,0,0,0,0,0,0,0,0,0,0,0,0,0,0,0,0,0,0,0,0,0,0,0,0,0,0,0,0,0,0,0,0,0,0,0,0,0,0,0,0,0,0,0,0,0,0,0,0,0,0,0,0,0,0,0,0,0,0,0,0,0,0,72,0,0,0,0,0,0,0,0,0,0,0,0,0,0,0,6,1,0,0,0,0,0,0
"1999_Gabin_par_15",0,0,0,0,0,0,0,0,2,0,0,0,0,0,0,0,0,0,0,26,0,0,0,0,0,0,0,0,0,3,0,1,0,0,0,0,0,0,0,1,0,0,0,0,0,0,0,0,0,0,0,0,0,0,0,0,0,0,0,0,0,0,0,0,0,0,0,0,0,0,0,0,0,0,0,7,0,0,0,0,0,0,0,0,0,0,0,56,0,0,0,0,0,0,0,0,0,0,0,0,0,0,0,4,0,0,0,0,0,0,0
"1999_Gabin_par_16",0,0,0,0,0,0,0,0,0,0,0,0,0,0,0,0,0,0,0,0,0,0,0,0,0,0,0,0,0,3,0,0,0,0,0,0,0,0,0,0,0,1,0,0,0,0,0,0,0,0,0,0,0,0,0,0,0,0,0,0,0,0,0,0,0,0,5,0,0,0,0,0,0,0,0,1,0,0,0,0,0,0,0,0,0,0,0,83,0,0,0,0,0,0,6,0,0,0,0,0,0,0,0,1,0,0,0,0,0,0,0
"1999_Gabin_par_17",0,1,0,0,0,0,0,0,0,0,0,0,0,0,0,0,0,0,0,0,0,0,0,0,0,0,0,0,0,0,0,0,0,0,0,0,0,0,0,0,0,0,0,0,0,0,0,0,0,0,0,0,0,0,0,0,0,0,0,0,0,0,0,0,0,0,0,0,0,0,0,0,0,0,0,7,0,0,46,0,0,0,0,0,0,0,0,46,0,0,0,0,0,0,0,0,0,0,0,0,0,0,0,0,0,0,0,0,0,0,0
"1999_Gabin_par_18",0,0,0,0,0,0,0,0,0,0,0,0,0,0,0,0,0,0,0,0,0,0,0,0,0,0,0,0,0,0,0,0,0,0,0,0,0,0,0,0,0,0,0,0,0,0,0,0,0,0,0,0,0,0,0,0,0,0,0,0,0,0,0,0,0,0,0,0,0,0,0,0,0,0,0,0,0,0,0,0,0,0,0,0,0,0,0,100,0,0,0,0,0,0,0,0,0,0,0,0,0,0,0,0,0,0,0,0,0,0,0
"1999_Gabin_par_19",0,0,0,0,0,0,0,0,0,0,0,0,0,0,0,0,0,0,0,0,0,0,0,0,0,0,0,0,0,0,0,0,0,0,0,0,0,10,0,0,0,0,0,0,0,0,0,0,0,0,8,0,0,0,0,0,0,0,0,0,0,0,0,0,0,0,0,0,0,0,0,0,0,0,0,13,0,0,6,0,0,0,0,0,0,0,0,59,0,4,0,0,0,0,0,0,0,0,0,0,0,0,0,0,0,0,0,0,0,0,0
"1999_Gabin_par_20",0,0,0,0,0,0,0,0,0,0,0,0,0,0,0,0,0,0,0,0,0,0,0,0,0,0,0,0,0,0,0,0,0,0,0,0,0,0,0,0,0,0,0,0,0,0,0,0,0,0,0,0,0,0,0,0,0,0,0,0,0,0,0,0,0,0,0,0,0,0,0,0,0,0,0,0,0,0,45,0,0,0,0,0,0,0,0,55,0,0,0,0,0,0,0,0,0,0,0,0,0,0,0,0,0,0,0,0,0,0,0
"1999_Gabin_par_21",0,0,0,0,0,0,0,0,0,0,0,0,0,0,0,0,0,0,0,0,0,0,0,0,0,0,0,0,0,0,0,0,0,0,0,0,0,3,0,0,0,14,0,1,0,0,0,0,0,0,0,0,0,0,0,0,0,0,0,0,0,0,0,0,0,0,0,0,0,0,0,0,0,0,0,38,0,0,0,0,0,0,0,0,0,0,0,42,0,0,0,0,0,0,0,0,0,0,0,0,0,0,1,1,0,0,0,0,0,0,0
"1999_Gabin_par_22",0,0,0,0,0,0,0,0,0,0,0,0,0,0,0,0,0,0,0,0,0,0,0,0,0,0,0,0,0,0,0,0,0,0,0,0,0,0,0,0,0,0,0,0,0,0,0,0,0,0,0,0,0,0,0,0,0,0,0,0,0,0,0,0,0,0,0,0,0,0,0,0,0,0,0,1,0,0,28,0,0,0,0,0,0,0,0,70,0,0,0,0,0,0,0,0,0,0,0,0,0,0,0,1,0,0,0,0,0,0,0
"1999_Gabin_par_23",0,0,0,0,0,0,0,0,0,0,0,0,0,0,0,0,0,0,0,2,0,0,0,0,0,0,0,0,0,2,0,0,0,0,0,0,0,0,0,0,0,0,0,0,0,0,0,0,0,0,0,0,0,0,0,0,0,0,0,0,0,0,0,0,0,0,9,0,0,0,0,0,0,0,0,1,0,0,0,0,0,0,0,0,0,0,0,84,0,0,0,0,0,0,0,0,0,0,0,0,0,0,0,2,0,0,0,0,0,0,0
"1999_Gabin_par_24",0,0,0,0,0,0,0,0,0,0,0,0,0,0,0,0,0,0,0,0,0,0,0,0,0,0,0,0,0,4,0,0,0,0,0,0,0,0,0,0,0,0,0,0,0,0,0,0,0,0,0,0,0,0,0,0,0,0,0,0,0,0,0,0,0,0,0,0,0,0,0,0,0,0,0,7,0,0,13,0,0,0,0,0,0,3,0,68,0,0,0,0,0,0,5,0,0,0,0,0,0,0,0,0,0,0,0,0,0,0,0
"2007_Gabin_par_1",0,0,0,0,2,0,0,0,0,0,0,0,0,0,32.5,0,0,0,0,0,0,0,0,0,0,0,0,0,0,0,0,0,0,0,0,0,0,1,0,0,10.5,0,0,0.5,1.5,0,0,0,0,0,0,0,0,0,0,0,0,0,0,0,0,0,0,0,0,0,0,0,0,0,0,0,0,0,0,25,0,0,0,0,0,0,0,0,0,0,0,24,0,0,0,0,0,0,0,0,0,3,0,0,0,0,0,0,0,0,0,0,0,0,0
"2007_Gabin_par_2",0,0,0,0,12.5,0,0,0,0,0,0,0,0,0,11.5,0,0,0,0,0,0,0,0,0,0,0,0,0,0,0.5,0,0,0,0,0,2,0,0,0,0,8.5,0,0,0,2.5,0,0,0,0,2.5,0,0,0,0,0,0,0,0,0,0,0,0,0,0,0,0,0,0,0,0,0,0,0,0,0,46,0,0,0.5,0,0,0,0,0,0,0,0,1.5,0,0,0,0.5,0,0,0,0,0,11.5,0,0,0,0,0,0,0,0,0,0,0,0,0
"2007_Gabin_par_3",0,0,0,0,10,0,0,0,0,0,0,0,0,0,54.5,0,0,0,0,0,0,0,0,0,0,0,0,0,0,0,0,0,0,0,0,0,0,0.5,0,0,12,0,0,0,0,0,0,0,0,0,0,0,0,0,0,0,0,0,0,0,0,0,0,0,0,0,0,0,0,0,0,0,0,0,0,15.5,0,0,7.5,0,0,0,0,0,0,0,0,0,0,0,0,0,0,0,0,0,0,0,0,0,0,0,0,0,0,0,0,0,0,0,0
"2007_Gabin_par_4",0,0,0,0,10.5,0,0,0,0,0,0,0,0,0,14.5,0,0,0,0,0,0,0,0,0,0,0.5,0,0,0,1,0,0,0,0,0,0,0,0,0,0,17,0,0,0,2.5,0,0,0,0,0,0,0,0,0,0,0,0,0,0,0,0,0,0,0,0,0,0,0,0,0,0,0,0,0,0,42,0,0,0,0,0,0,0,0,0,0,0,1.5,0,0.5,0,0,0,0,0,0,0,10,0,0,0,0,0,0,0,0,0,0,0,0,0
"2007_Gabin_par_5",0,0,0,0,3.5,0,0,0,0,0,0,0,0,0,39,0,0,0,0,0,0,0,0,0,0,0,0,0,0,0,0,0,0,0,0,0,0,0.5,0,0,0,0,0,4.5,0,0,0,0,0,0,0,0,0,0,0,0,0,0.5,0,0,0,0,0,0,0,0,0,16,0,0,0,0,0,0,0,27.5,0,0,0,0,0,0,0,0,0,0,0,0,4,0,0,0,0,0,0,0,0,4.5,0,0,0,0,0,0,0,0,0,0,0,0,0
"2007_Gabin_par_6",0,0.5,0,2.5,3.5,0,0,0,0,0,0,0,0,0,4.5,0,0,0,0,0,0,0,0,0,0,0,0,0,0,0,0,0,0,0,0,0,0,0,0,0,3.5,0,0,9,0,0,0,0,0,0,0,0,1.5,0,0,0,0,0,0,0,0,0,0,0,0,0,4,0,0,0,0,0,0,0,0,26.5,0,0,15,0,0,0,0,0,0,0,0,27.5,0.5,0,0,0,0,0,0,0,0,1.5,0,0,0,0,0,0,0,0,0,0,0,0,0
"2007_Gabin_par_7",0,3,0,0,0,0,0,0,0,2.5,0,0,0,0,6,0,0,0,0,0,0,0,0,0,0,0,0,0,0,1,0,0,0,0,0,0,0,0,0,0,0,0,0,6,0,0,0,0,0,0,2.5,0,0,0,0,0,0,0,0,0,0,0,0,0,0,0,0,0,0,0,0,0,0,0,0,25,0,0,1,0,0,0,0,0,0,0,0,49,0,0,0,0,0,0,0,0,0,3,0,0,0,0,0,0,0,0,1,0,0,0,0
"2007_Gabin_par_8",0,0,0,0,5,0,0,0,0,0,0,0,0,0,0,0,0,0,0,0,0,0,0,0,0,0,0,0,0,0,0,0,0,0,0,0,0,5.5,0,0,0,0,0,0,2.5,0,0,0,0,0,0,0,1,0,0,0,0,0,0,0,0,0,0,0,0,0,0,0,0,0,0,0,0,0,0,49.5,0,0,0,0,0,0,0,0,0,0,0,28.5,0,3.5,0,1,0,0,0,0,0,3.5,0,0,0,0,0,0,0,0,0,0,0,0,0
"2007_Gabin_par_9",0,0,0,1,8,0,0,0,0,0,0,0,0,0,15.5,0,0,0,0,0,0,0,0,0,0,0,0,0,0,0,0,0,0,0,0,0,0,0.5,0,0,6.5,0,0,12.5,0,0,4,0,0,0,0,0,0,0,0,0,0,0,0,0,0,0,0,0,0,0,1,0,0,0,0,0,0,0,0,25.5,0,0,0,1.5,0,0,0,0,0,0,0,18.5,0,3.5,0,0,0,0,0,0,0,2,0,0,0,0,0,0,0,0,0,0,0,0,0
"2007_Gabin_par_10",0,0,0,0,13,0,0,0,0,0,0,0,0,0,13,0,0,0,0,0,0,0,0,0,0,14.5,0,0,0,0,0,0,0,0,0,0,0,0,0,0,11.5,0,0,5,0,0,0,0,0,3.5,0,0,0,0,0,0,0,0,0,0,0,0,0,0,0,0,0,0,0,0,0,0,0,0,0,23,0,0,0,0,0,0,0,0,1.5,0,0,9,0,0.5,0,0,0,0,0,0,0,5.5,0,0,0,0,0,0,0,0,0,0,0,0,0
"2007_Gabin_par_11",0,0,0,3,0,0,0,0,0,0,0,0,0,0,14.5,0,0,0,0,0,0,0,0,0,0,0,0,0,0,1,0,0,0,0,0,0,0,0.5,0,0,0,0,0,6.5,0,0,0,0,0,0,0.5,0,0,0,0,0,0,0,0,0,0,0,0,0,17,0,0,0,0,0,0,0,0,0,0,12,0,0,0,0,0,0,0,0,0,0,0,23,0,19,0,1.5,0,0,0,0,0,1.5,0,0,0,0,0,0,0,0,0,0,0,0,0
"2007_Gabin_par_12",0,0,0,0,64.5,0,0,0,0,0,0,0,0,0,0,0,0,0,0,0,0,0,0,0,0,2.5,0,0,0,0,0,0,0,0,0,0,0,0,0,0,0,0,0,10,0,0,0,0,0,0,0,0,0,0,0,0,0,0,0,0,0,0,0,0,0,0,0,0,0,0,0,0,0,0,0,7,0,0,0,0,0,0,0,0,4,0,0,0,0,0,0,0,0,0,0,0,0,12,0,0,0,0,0,0,0,0,0,0,0,0,0
"2007_Gabin_par_13",0,0,0,0,20.5,3.5,0,0,0,0,0,0,0,0,11.5,0,0,0,0,0,0,0,0,0,0,0,0,0,0,0,0,0,0,0,0,0,0,0.5,0,0,0,0,0,10.5,0,0,0,0,0,0,0,0,0,0,0,0,0,0,0,0,0,0,0,0,2.5,0,0,0,0,0,0,0,0,0,0,17.5,0,0,0,0,0,0,0,0,0,0,0,16,0,0,0,0,0,0,0,0,0,17.5,0,0,0,0,0,0,0,0,0,0,0,0,0
"2007_Gabin_par_14",0,0,0,0,61,0,0,0,0,0,0,0,0,0,0,0,0,0,0,0,0,0,0,0,0,10,0,0,0,0,0,0,0,0,0,0,0,0,0,0,0,0,0,5.5,0,0,0,0,0,0,0,0,0,0,0,0,0,0,0,0,0,0,0,0,0,0,0,0,0,0,0,0,0,0,0,1,0,0,0,0,0,0,0,0,2,0,0,14.5,0,0,0,0,0,0,0,0,0,6,0,0,0,0,0,0,0,0,0,0,0,0,0
"2007_Gabin_par_15",0,0,0,0,46,1,0,0,0,0,0,0,0,0,0,0,0,0,0,0,0,0,0,0,0,3,0,0,0,0,0,0,0,0,0,0,0,0,0,0,0,0,0,12,4,0,0,0,0,0,0,0,0,0,0,0,0,0,0,0,0,0,0,0,0,0,0,0,0,0,0,0,0,0,0,5,0,0,0,0,0,0,0,0,0,0,0,20.5,0,0,0,0.5,0,0,0,0,0,8,0,0,0,0,0,0,0,0,0,0,0,0,0
"2007_Gabin_par_16",0,0,0,0,37.5,1.5,0,0,0,0,0.5,0,0,0,0,0,0,0,0,0,0,0,0,0,0,3,0,0,0,5,0,0,0,0,0,0,0,1,0,0,0,0,0,35,0,0,0,0,0,0,0,0,0,0,0,0,0,0,0,0,0,0,0,0,0,0,0.5,0,0,0,0,0,0,0,0,5,0,0,0,0,0,0,0,0,0,0,0,7,1,0,0,0,0,0,0,0,0,3,0,0,0,0,0,0,0,0,0,0,0,0,0
"2007_Gabin_par_17",0,0,0,0,4,0,0,0,0,0,0,0,0,0,0,0,0,0,0,0,0,0,0,0,0,0,0,0,0,7,0,0,0,0,0,0,0,0,0,0,0,3,0,5,0.5,0,0,0,0,0,2,0,0,0,0,0,0,0,0,0,0,0,0,0,0,0,0,0,0,0,0,0,0,0.5,0,17,0,0,8,0,0,0,0,0,0,0,0,28.5,24.5,0,0,0,0,0,0,0,0,0,0,0,0,0,0,0,0,0,0,0,0,0,0
"2007_Gabin_par_18",0,0,0,0,7,0,0,0,0,0,0,0,0,0,0.5,0,0,0,0,0,0,0,0,0,0,0.5,0,0,0,0.5,0,0,0,0,0,0,0,0,0,0,26,0,0,9,0,0,0,0,0,0,0,0,0,0,0,0,0,0,0,0,0,0,0,0,0,0,0,0,0,0,0,0,0,0,0,8.5,0,0,0,0,0,0,0,0,0,0,0,22,19.5,1.5,0,1.5,0,0,0,0,0,3.5,0,0,0,0,0,0,0,0,0,0,0,0,0
"2007_Gabin_par_19",0,0,0,0,7.5,0,0,0,0,0,0,0,0,0,0,0,0,0,0,0,0,0,0,0,0,0,0,0,0,4,0,0,0,0,0,0,0,0,0,0,0,0,0,0,1,0,0,0,0,0,0,0,0,0,0,0,0,0,0,0,0,0,0,0,7.5,0,0,0,0,0,0,0,2,0,0,18.5,0,0,23.5,0,0,4,0,0,0,0,0,20.5,6,4,0,0,0,0,0,0,0,1.5,0,0,0,0,0,0,0,0,0,0,0,0,0
"2007_Gabin_par_20",0,0,0,0,0,0,0,0,0,0,0,0,0,0,0,0,0,0,0,0,0,0,0,0,0,0,0,0,0,3,0,0,0,0,0,0,0,0,0,0,0,0,0,0,0,0,0,0,0,0,0,0,0,0,0,0,0,0,0,0,0,0,0,0,11,0,0,0,0,0,0,0,1.5,0,0,30.5,0,0,0,0,0,0,0,0,0,0,0,39,8,0,0,6,0,0,1,0,0,0,0,0,0,0,0,0,0,0,0,0,0,0,0
"2007_Gabin_par_21",0,0,0,0,1,0,0,0,0,0,0,0,0,0,2.5,0,0,0,0,0,0,0,0,0,0,0,0,0,0,6,0,0,0,0,0,0,0,0.5,0,0,12.5,0,0,0,0,0,0,0,0,0,0,0,0,0,0,0,0,0,0,0,0,0,0,0,0,0,0,0,0,0,0,0,0,0,0,42.5,0,0,3,0.5,0,0,0,0,0,0,0,27.5,2,1,0,0,0,0,0,0,0,1,0,0,0,0,0,0,0,0,0,0,0,0,0
"2007_Gabin_par_22",0,0,0,0,0,0,0,0,0.5,0,0,0,0,0,0,0,0,0,0,0,0,0,0,0,0,0,0,0,0,10,0,0,0,0,0,0,0,1,0,0,0,0,0,0,0,0,0,0,0,0,0,0,0,0,0,0,0,0,0,0,0,0,0,0,1,0,0,0,0,0,0,0,0,0,0,34,0,0,0,0,0,0,0,0,0,0,0,50,2.5,0,0,0,0,0,0,0,0,1,0,0,0,0,0,0,0,0,0,0,0,0,0
"2007_Gabin_par_23",0,0,0,0,12.5,0,0,0,0,0,0,0,0,0,0,0,0,0,0,0,0,0,0,0,0,0,0,0,0,5,0,0,0,0,0,0,0,0,0,0,7,0,0,0,0,0,0,0,0,0,0,0,0,0,0,0,0,0,0,0,0,0,0,0,0.5,0,0,0,0,0,0,0,0,0,0,22,0,0,10.5,0,0,0,0,0,0,0,0,42.5,0,0,0,0,0,0,0,0,0,0,0,0,0,0,0,0,0,0,0,0,0,0,0
"2007_Gabin_par_24",0,0,0,0,8.5,0,0,0,0,0,0,0,0,0,0,0,0,0,0,0,0,0,0,0,0,0,0,0,0,5,0,0,0,0,0,0,0,1,0,0,0,0,0,0,0,0,0,0,0,0,0,0,0,0,0,0,0,0,0,0,0,0,0,0,2,0,0,0,0,0,0,0,0,0,0,24.5,0,0,0,0,0,0,0,0,0,0,0,49,3.5,0,0,0,0,0,0,0,0,6.5,0,0,0,0,0,0,0,0,0,0,0,0,0
"2009_Gabin_par_1",0,0,0,0,52,0,0,0,0,0,0,0,0,0,5,0,0,0,0,0,0,0,0,0,0,0,0,0,0,0,0,0,0,0,0,2,10,1,0,0,0,0,0,0,0,0,0,0,0,0,0,0,0,0,0,0,0,0,0,0,0,0,0,0,0,0,0,0,0,0,0,0,0,0,0,13,0,0,0,0,0,0,0,0,0,0,0,0,0,0,0,0,0,0,0,0,0,0,0,0,0,17,0,0,0,0,0,0,0,0,0
"2009_Gabin_par_2",0,0,0,0,15,0,0,0,0,0,0,0,0,0,2,0,0,0,0,0,0,0,0,0,0,0,0,0,0,0,0,0,0,0,0,21,0,0,0,0,0,0,0,12,0,0,0,0,0,0,0,0,0,0,0,0,0,0,0,0,0,0,0,0,0,0,0,0,0,0,0,0,0,0,0,5,0,0,0,0,0,0,0,0,0,0,0,0,1,0,0,0,0,0,0,0,0,0,0,0,0,44,0,0,0,0,0,0,0,0,0
"2009_Gabin_par_3",0,0,0,0,21,0,0,0,0,0,0,0,0,0,2,0,0,0,0,0,0,0,0,0,0,0,0,0,0,0,0,0,0,0,0,0,3,16,0,0,0,0,0,0,0,0,0,0,0,0,0,0,0,0,0,0,0,0,0,0,0,0,0,0,0,0,0,0,0,0,0,0,0,0,0,28,0,0,0,0,0,0,0,0,0,0,0,0,0,0,0,0,0,0,0,0,0,0,0,0,0,30,0,0,0,0,0,0,0,0,0
"2009_Gabin_par_4",0,0,0,0,14,0,0,0,0,0,0,0,0,0,11,0,0,0,0,0,0,0,0,0,0,0,0,0,0,0,0,0,0,0,0,1,0,14,0,0,0,0,0,0,0,0,0,0,0,0,0,0,0,0,0,0,0,0,0,0,0,0,0,0,0,0,0,0,0,0,0,0,0,0,0,29,0,0,0,0,0,0,0,0,0,4,0,0,0,0,0,0,0,0,0,0,0,0,0,0,0,27,0,0,0,0,0,0,0,0,0
"2009_Gabin_par_5",0,0,0,0,1,0,0,0,0,0,0,0,0,0,16,0,0,0,0,0,0,0,0,0,0,0,0,0,0,0,0,0,0,0,0,0,0,13,0,0,0,0,0,0,0,0,0,0,0,0,0,0,0,0,0,0,0,0,0,0,0,0,0,0,0,0,0,0,0,0,0,0,0,0,0,28,0,0,0,0,0,0,0,0,0,0,0,22,0,0,0,0,0,0,0,0,0,5,0,0,0,15,0,0,0,0,0,0,0,0,0
"2009_Gabin_par_6",0,0,0,0,25,0,0,0,0,0,0,0,0,0,16,0,0,0,0,0,0,0,0,0,0,0,0,0,0,0,0,0,2,0,0,0,0,13,0,0,0,0,0,0,0,0,0,0,0,0,0,0,0,0,0,0,0,3,0,0,0,0,0,0,0,0,3,0,0,0,0,0,0,0,0,12,0,0,0,0,0,0,0,0,0,0,0,23,0,0,0,2,0,0,0,0,0,1,0,0,0,0,0,0,0,0,0,0,0,0,0
"2009_Gabin_par_7",0,0,0,0,1,0,0,0,0,0,0,0,0,0,7,0,0,0,0,0,0,0,0,0,0,0,0,0,0,4,0,0,0,0,0,0,0,5,0,0,0,0,0,4,0,0,0,0,0,0,0,0,0,0,0,0,0,0,0,0,0,0,0,0,0,0,0,0,0,0,0,0,0,0,0,32,0,0,21,0,0,0,0,0,0,0,0,18,0,0,0,4,0,0,0,0,0,4,0,0,0,0,0,0,0,0,0,0,0,0,0
"2009_Gabin_par_8",0,0,0,0,0,0,0,0,0,0,0,0,0,0,6,0,0,0,0,0,0,0,0,0,0,0,0,0,0,5,0,0,0,0,0,0,0,0,0,0,0,0,0,18,0,0,0,0,0,0,0,0,0,0,0,0,0,0,0,0,0,0,0,0,0,0,0,0,0,0,0,0,0,0,0,22,0,0,0,0,0,0,0,0,0,0,0,48,0,0,0,1,0,0,0,0,0,0,0,0,0,0,0,0,0,0,0,0,0,0,0
"2009_Gabin_par_9",0,0,0,0,23,0,0,0,0,0,0,0,0,0,12,0,0,0,0,0,0,0,0,0,0,0,0,0,0,0,0,0,0,0,0,38,0,0,0,0,0,0,0,2,0,0,0,0,0,0,0,0,0,7,0,0,0,0,0,1,0,0,0,0,0,0,0,0,0,0,0,0,0,0,0,3,0,0,0,0,1,0,0,0,1,0,0,11,0,0,0,0,0,0,0,0,0,1,0,0,0,0,0,0,0,0,0,0,0,0,0
"2009_Gabin_par_10",0,0,0,0,21,0,0,0,0,0,0,0,0,0,19,0,0,0,0,0,0,0,0,0,0,0,0,0,0,7,0,0,0,0,0,22,0,7,0,0,0,0,0,6,0,0,0,0,0,0,0,0,0,1,0,0,0,0,0,1,0,0,0,0,0,0,0,0,0,0,0,0,0,0,0,3,0,0,0,0,0,0,0,0,1,0,0,12,0,0,0,0,0,0,0,0,0,0,0,0,0,0,0,0,0,0,0,0,0,0,0
"2009_Gabin_par_11",0,0,0,0,22,0,0,0,0,0,0,0,0,0,25,0,0,0,0,0,0,0,0,0,0,0,0,0,0,0,0,0,0,0,0,0,0,11,0,0,0,0,0,0,0,0,0,0,0,0,0,0,0,0,0,0,0,0,0,0,0,0,0,0,2,0,0,0,0,0,0,0,0,0,0,8,0,0,0,0,0,0,0,0,0,0,0,29,0,2,0,0,0,0,0,0,0,1,0,0,0,0,0,0,0,0,0,0,0,0,0
"2009_Gabin_par_12",0,0,0,0,28,0,0,0,0,0,0,0,0,0,12,0,0,0,0,0,0,0,0,0,0,0,0,0,0,4,0,0,0,0,0,0,0,29,0,0,0,0,0,16,0,0,0,0,0,0,0,0,0,0,0,0,0,0,0,1,0,0,0,0,0,0,0,0,0,0,0,0,0,0,0,1,0,0,0,0,0,0,0,0,0,0,0,1,0,7,0,0,0,0,0,0,0,1,0,0,0,0,0,0,0,0,0,0,0,0,0
"2009_Gabin_par_13",0,0,0,6,30,0,0,0,0,0,0,0,0,0,23,0,0,0,0,0,0,0,0,0,0,0,0,0,0,0,0,0,0,0,0,0,3,2,0,0,0,0,0,6,0,0,0,0,0,0,0,0,0,0,0,0,0,0,0,0,0,0,0,0,0,0,0,0,0,0,0,0,0,0,0,14,0,0,0,0,0,0,0,0,2,0,0,10,0,3,0,0,0,0,0,0,0,1,0,0,0,0,0,0,0,0,0,0,0,0,0
"2009_Gabin_par_14",0,0,0,0,43,0,0,0,0,0,0,0,0,0,5,0,0,0,0,0,0,0,0,0,0,0,0,0,0,0,0,0,0,0,0,0,4,0,0,0,0,0,0,0,0,0,0,0,0,0,0,0,0,0,0,0,0,0,0,0,0,0,0,0,0,0,1,0,0,0,0,0,0,0,0,0,0,0,0,0,0,0,0,0,0,0,0,12,0,0,0,3,0,0,0,0,0,1,0,0,0,31,0,0,0,0,0,0,0,0,0
"2009_Gabin_par_15",0,0,0,2,32,0,0,0,0,0,0,0,0,0,24,0,0,0,0,0,0,0,0,0,0,1,0,0,0,5,0,0,0,0,0,8,0,6,0,0,0,0,0,2,0,0,0,0,0,0,0,0,0,4,0,0,0,0,0,0,0,0,0,0,0,0,0,0,0,0,0,0,0,0,0,4,0,0,0,0,0,0,0,0,0,0,0,11,0,0,0,1,0,0,0,0,0,0,0,0,0,0,0,0,0,0,0,0,0,0,0
"2009_Gabin_par_16",0,0,0,1,31,0,0,0,0,0,0,0,0,0,47,0,0,0,0,0,0,0,0,0,0,0,0,0,0,12,0,0,0,0,0,0,0,0,0,0,0,0,1,3,0,0,0,0,0,0,0,0,0,0,0,0,0,0,0,0,0,0,0,0,0,0,0,0,0,0,0,0,0,0,0,0,0,0,0,0,0,0,0,0,0,0,0,2,2,0,0,0,0,0,0,0,0,1,0,0,0,0,0,0,0,0,0,0,0,0,0
"2009_Gabin_par_17",0,0,0,0,11,0,0,0,0,0,0,0,0,0,0,0,0,0,0,0,0,0,0,0,0,0,0,0,0,8,0,0,0,0,0,0,0,0,0,0,0,5,0,16,0,0,0,0,0,0,0,0,0,0,0,0,0,0,0,0,0,0,0,0,0,0,1,0,0,0,0,0,0,0,0,9,0,0,0,0,0,1,0,0,0,0,0,45,4,0,0,0,0,0,0,0,0,0,0,0,0,0,0,0,0,0,0,0,0,0,0
"2009_Gabin_par_18",0,0,0,0,2,0,0,0,0,0,0,0,0,0,66,0,0,0,0,0,0,0,0,0,0,0,0,0,0,3,0,0,0,0,0,0,0,0,0,0,0,0,0,5,0,0,0,0,0,0,0,0,0,0,0,0,0,0,0,0,0,0,0,0,0,0,0,0,0,0,0,0,0,0,0,0,0,0,0,0,0,0,0,0,0,0,0,9,13,0,0,2,0,0,0,0,0,0,0,0,0,0,0,0,0,0,0,0,0,0,0
"2009_Gabin_par_19",0,0,0,0,5,0,0,0,0,0,0,0,0,0,22,0,0,0,0,0,0,0,0,0,0,0,0,0,0,8,0,0,0,0,0,0,0,0,0,0,0,0,0,2,0,0,0,0,0,0,0,0,0,0,0,0,0,0,0,0,0,0,0,0,0,0,0,0,0,0,0,0,0,0,0,22,0,0,0,0,0,0,0,0,0,0,0,22,19,0,0,0,0,0,0,0,0,0,0,0,0,0,0,0,0,0,0,0,0,0,0
"2009_Gabin_par_20",0,0,0,0,12,0,0,0,0,0,0,0,0,0,8,0,0,0,0,0,0,0,0,0,0,0,0,0,0,4,0,0,0,0,2,0,0,0,0,0,0,0,0,1,0,0,0,0,0,0,0,0,0,0,0,0,0,0,0,0,0,0,0,0,0,0,0,0,0,0,0,0,0,0,0,13,0,0,0,0,0,0,0,0,0,0,0,57,3,0,0,0,0,0,0,0,0,0,0,0,0,0,0,0,0,0,0,0,0,0,0
"2009_Gabin_par_21",0,0,0,0,13,0,0,0,0,0,0,0,0,0,25,0,0,0,0,0,0,0,0,0,0,0,0,0,0,15,0,0,0,0,0,0,0,0,0,0,5,0,0,6,0,0,0,0,0,0,0,0,0,0,0,0,0,0,0,0,0,0,0,0,0,0,0,0,0,0,0,0,0,0,0,14,0,0,0,0,0,0,0,0,0,0,0,20,2,0,0,0,0,0,0,0,0,0,0,0,0,0,0,0,0,0,0,0,0,0,0
"2009_Gabin_par_22",0,0,0,0,7,0,0,0,0,0,0,0,0,0,0,0,0,0,0,0,0,0,0,0,0,0,0,0,0,12,0,0,0,0,0,0,0,18,0,0,0,0,0,1,0,0,0,0,0,0,0,0,0,0,0,0,0,0,0,0,0,0,0,0,0,0,0,0,0,0,0,0,0,0,0,9,0,0,0,0,0,0,0,0,0,0,0,48,5,0,0,0,0,0,0,0,0,0,0,0,0,0,0,0,0,0,0,0,0,0,0
"2009_Gabin_par_23",0,0,0,0,2,0,0,0,0,0,0,0,0,0,25,0,0,0,0,0,0,0,0,0,0,0,0,0,0,15,0,0,0,0,0,0,13,0,0,0,0,0,0,1,0,0,0,0,0,0,1,0,0,0,0,0,0,0,0,0,0,0,0,0,0,0,0,0,0,0,0,0,0,0,0,5,0,0,0,0,0,0,0,0,0,0,0,33,5,0,0,0,0,0,0,0,0,0,0,0,0,0,0,0,0,0,0,0,0,0,0
"2009_Gabin_par_24",0,0,0,0,0,0,0,0,0,0,0,0,0,0,10,0,0,0,0,0,0,0,0,0,0,0,0,0,0,9,0,0,0,0,0,0,0,23,0,0,0,0,0,0,0,0,0,0,0,0,0,0,0,0,0,0,0,0,0,0,0,0,0,0,0,0,0,0,0,0,0,0,0,0,0,14,0,0,0,0,0,0,0,0,0,0,0,38,5,0,0,1,0,0,0,0,0,0,0,0,0,0,0,0,0,0,0,0,0,0,0
"2006_Pzzinu_par_1",0,0,0,0,0,0,0,5.33,0,0,0,0,10.67,0.67,0,0,0,0,0,0,0,0,0,0,0,0,0,0,32,0,0,0.67,0,0,0,0,0,0,0,0,0,0,0,0,0,0,0,0,0,0,0,0,0,1.33,2,0,0,0,0,0,0,0,0,0.67,0,0,5.33,0,1.33,2,0,0,0,0,2.67,4.67,0,0,0,0,0,0,0,0,0,0,0,2,0,0,8,0,0,0,11.33,0,0,0,0.67,8.67,0,0,0,0,0,0,0,0,0,0,0
"2006_Pzzinu_par_2",0,0,0,0,0,0,0,2.67,0,0,0,0,0,0.67,0,0,0,10,0,0,0,0.67,0,0,0,0,0,0,6,0,0,0,0,0,0,0,0,0,0,0,0,0,0,0,0,0,0,0,0,0,0,0,0,0.67,0,0,0,0,0,0,0,0,0,0,0,0,2,16,2,0.67,0,0,0,0,1.33,10.67,0,0,0,0.67,0,0,0,0,0,0,0,27.33,0,0,0,0,0,0,7.33,0,0,0,0,11.32,0,0,0,0,0,0,0,0,0,0,0
"2006_Pzzinu_par_3",0,0,0,0,0,0,0,2,0.67,0,0,0,21.32,0.67,0,0,0,0,0,0,0,0,0,0,0,0,0,0,8,0,0,0,0,0,0,0,0,0,0,0,0,0,0,0,0,0,0,0,0,0,0,0,0,4,0,0,0,0,0,0,0,0,0,0,0.67,0,8,0,0,0,0,0,0,0,0,10,0,0,0,0.67,0,0,0,0,0,0,0,33.33,0,0,3.33,0,0,0,4,0,0,0,0.67,2,0,0,0,0,0,0.67,0,0,0,0,0
"2006_Pzzinu_par_4",0,0,0,0,0,0,0,20.67,1.33,0,0,0,16.67,0,0,0,0,3.3,0,0,0,0,0,0,0,0,0,0,11.33,0,0,0,0,0,0,0,0,0,0,0,0,0,0,4.67,0,0,5.33,0,0.67,0,0,0,0,0,0.67,0,0,0,0,0,0,0,0,0.67,0.67,0,9.33,0.67,0,0,0,0,0.67,0,0,2,0,0,0,0,0,0,0,0,0,0,0,16.67,0,0,0,2,0,0,0.67,0,0.67,0,1.33,0,0,0,0,0,0,0,0,0,0,0,0
"2006_Pzzinu_par_5",0,0,0,0,0,0,0,2,0,0,0,0,16,0,0,0,0,0,0,0,0,0,0,0,0,0,0,0,26.67,0,0,0,1.33,0,0,0,0,0,0,0,0,0,0,3.33,0,0,0,0,0,0,0,0,0,0,1.33,0,0,0,0,0,0,0,0,1.33,6.67,0,8,0,0,0,0,0,0,0,0.67,6,0,0,0,2.67,0,0,0,0,0,0,0,14,0,0,4,2,0,0,0,0,0,0,0.67,2.67,0,0,0,0,0,0.67,0,0,0,0,0
"2006_Pzzinu_par_6",0,0,0,0,1.33,0,0,3.33,0,0,0,0,14.67,0,0,0,0,0,0,0,0.67,0,0,0,0,0,0,0,13.33,0,0,0,0,0,0,0,0,0,0,0,0,0,0,0,0,0,0,0,0,0,0,0,0,0,2,0,0,0,0,0,0,0,0,0,0,0,0,0,0,0,0,0,0,0,0,16.67,0,0,0,0,0,0,0,0,0,0,1.33,24.67,0,0,0,0,0,0,13.33,0,0.67,0,4,2,0,0,0,0,0,2,0,0,0,0,0
"2006_Pzzinu_par_7",0,0,0,0,0,0,0,22.67,0,0,0,0,19.34,0.67,0,0,0,4.67,0,0,0,0,0,0,0,0,0,0,7.33,0,0,0,0,0,0,0,0,0,0,0,0,0,0,1.33,0,0,0.67,0,0,0,0,0,0,0,7.33,0,0,0,0,0,0,0,0,2.67,0,0,7.33,0,1.33,0,0,0,0,0,0,16.67,0,0,0,0,0,0,0,0,0,0,0,0.67,0,0,0,1.33,4.67,0,0,0,0,0,0,0,0,0,0,0,0,1.33,0,0,0,0,0
"2006_Pzzinu_par_8",0,0,0,0,0,0,0,6,0,0,0,0,17.33,0.67,0,0,0,14,0,0,0,0,0,0,0,0,0,0,9.33,0,4.67,0,0,0,0,0,0,0,0,0,0,0,0,0,0,0,0,0,0,0,0,0,0,0,2,0,0,0,0,0,0,0,0,0.67,0,0,3.33,0,0.67,0,0,0,0,0,0,10,0,0,0,1.33,0,0,0,0,0,0,0,21.33,0,0,0,0,6.67,0,2,0,0,0,0,0,0,0,0,0,0,0,0,0,0,0,0
"2006_Pzzinu_par_9",0,0,0,0,0,0,0,0,0,0,0,0,19.33,0.67,0,0,0,4,0,0,0,0,0,0,0,0,0,0,9.33,0,5.33,0,0,0,0,0,0,0,0,0,0,0,0,0,0,0,0,0,0,0,0,0,0,0.67,3.33,0,0,0,0,0,0,0,0,0,0,0,1.33,5.33,0.67,0,0,0,0,0,0.67,14,0,0,0,4,0,0,0,0,0,0,0,24.67,0,0,2,0,1.33,0,2,0,0,0,0,1.33,0,0,0,0,0,0,0,0,0,0,0
"2006_Pzzinu_par_10",0,0,0,0,0,0,4,5.33,0,0,0,0,1.33,1.33,0,0,0,2.67,0,0,0,0,0,0,0,0,0,0,7.33,0,0,0.67,0,0,0,0,0,0,0,0,0,0,0,0,0,0,0,0,0,0,0,0,0,0,4,0,0,0,0,0,0,0,0,0,0,0,12.67,3.33,0,2.67,0,0,0,0,2,9.33,0,0,0,0,0,0,0,0,0,0,0,10.67,0,0,0,0,18.67,0,7.33,0,0,0,0,6.67,0,0,0,0,0,0,0,0,0,0,0
"2006_Pzzinu_par_11",0,0,0,0,0,0,0,18,0,0,0,0,14,0,0,0,0,2.67,0,0,0,0,0,0,0,0,0,0,18,0,0,0,3.3,0.67,0,0,0,0,0,0,0,0,0,0,0,0.67,0,0,0,0,0,0,0,0,4,0,0,0,0,0,0,0,0,2.67,0,0,13.33,0,0,0,0,0,0,0,3.33,13.33,0,0,0,0,0,0,0,0,0,0,0,0,0,0,0,0,0,0,2.67,0,0,0,0,2.67,0,0,0,0,0,0.67,0,0,0,0,0
"2006_Pzzinu_par_12",0,0,0,0,0,0,0,4.67,0,0,0,0,4.67,0,0,0,0,0,0,0,0,0,0,0,0,0,0,0,22.67,0,0,0,0,0,0,0,0,0,0,0,0,0,0,0.67,0,0,0,0,0,0,0.67,0,0,0,10,0,0,0,0,0,0,0,0,0,3.33,0,5.33,4,0,0,0,0,0,0,0,15.33,0,0,0,0.67,0,0,0,0,0,0,0,22,0,0,0,0,0,0,0.67,0,0,0,0,4.67,0,0,0,0,0,0.67,0,0,0,0,0
"2006_Pzzinu_par_13",0,0,0,0,0,0,0,2.67,0,0,0,0,22.67,0,0,0,0,0.67,0,0,0,0,0,0,0,0,0,0,9.33,0,0,0,0,2,0,0,0,0,0,0,0,0,0.67,6.67,0,0,0,0,0,0,1.33,0,0,0,4.67,0,0,0,0,0,0,0,0,0,0,0,0.67,0,0,0,0,0,0,0,1.33,6.67,0,0,0,0,0,0,0,0,0,0,0,26.67,0,0,2.67,2,0,0,0.67,0,0.67,0,0,7.33,0,0,0,0,0,0.67,0,0,0,0,0
"2006_Pzzinu_par_14",0,0,0,0,0,0,0,0,0.67,0,0,0,22,0,0,0,0,2,0,7.33,2,0,0,0,0,0,0,0,11.33,0,0,0,0,0,0,0,0,0,0,0.67,0,0,0.67,2,0,0,0,0,0,0,0,0,0,0,0.67,0,0,0,0,0,0,0,0,0,0,0,0,0,0,0.67,0,0,0,0,0,14.67,0,0,0,0,0,0,0,0,0,0,0,21.33,0,0,0,0,0,0,6,0,0,0,0,7.33,0,0,0,0,0,0.67,0,0,0,0,0
"2006_Pzzinu_par_15",0,0,0,0,0,0,1.33,0,0.67,0,0,0,16.67,0,0,0,0,14,0,0,1.33,0,0,0.67,0,0,0,0,3.33,0,0,0,0,0,0,0,0,0,0,0,0,0,0,2,0,0.67,0,0,0,0,0.67,0,0,0,8.67,0,0,0,0,0,0,0,0,0,0,0,0.67,1.33,0,0,0,0,0,0,0,4,0,0,0,0,0,0,0,0,0,0,0,19.33,0,0,0,0,18.67,0,3.33,0,0,0,0,2.67,0,0,0,0,0,0,0,0,0,0,0
"2006_Pzzinu_par_16",0,0,0,0,0,0,0,1.33,0,0,0,0,12,0,0,0,0,5.33,0,0,0,0,0,0,0,0,0,0,15.33,0,0,0,0,0.67,0,0,0,0,0,0,0,0,0.67,8,0,0,0,0,0,0,0,0,0,0,1.33,0,0,0,0,0,0,0,0,0,0,0.67,2.67,0,0,0,0,0,0,0,1.33,30,0,0,0,0,0,0,0,0,0,0,0.67,14.67,0,0,0,0.67,0,0,0.67,0,0,0,0,2.67,0,0,0,0,0,0.67,0,0,0,0,0
"2006_Pzzinu_par_17",0,0,0,0,0,0,0,18.67,0,0,0,0,8,0,0,0,0,0.67,0,0,0,0,0,0,0,0,0,0,5.33,0,0,0,0,0,0,0,0,0,0,0,0,0,0,0,0,0,0,0,0,0,0,0,0,0,0.67,0,0,0,0,0,0,0,0,0,0,0,14,0,0,0,0,0,0,0,2,12.67,0,0,0,0.67,0,0,0,0,0,0,0,32.67,0,0,0,0,0,0,4,0,0,0,0,0.67,0,0,0,0,0,0,0,0,0,0,0
"2006_Pzzinu_par_18",0,0,0,0,0,0,0.67,1.33,0,0,0,0,20.67,0,0,0,1.33,13.33,0,0,0,0,0,0,0,0,0,0,15.33,0,0,0,0,0,0,0,0,0,0,0,0,0,0,2.67,0,2,0,0,0,0,0,0,0,0,0.67,0,0,0,0,0,0,0,0,0.67,0,0,8,0,0,0,0,0,0,0.67,1.33,13.33,0,0,0,0,2,0,0,0,0,0,0,3.33,0,0,6,2.67,0,0,2.67,0,0,0,0,1.33,0,0,0,0,0,0,0,0,0,0,0
"2006_Pzzinu_par_19",0,0,0,0,0,0,0,11.33,0,0,0,0,10.67,0,0,0,0,0,0,0,0,0,0,0,0,0,0,0,2,0,0,0,0,0,0,0,0,0,0,0,0,0,0,1.33,0,0,0,0,0,0,0,0,0,0,6.67,0,0,0,0,0,0,0,0,0,0,0,6.67,0,0,0,0,0,0,0,0.67,18.67,0,0,0,0,0,0,0,0,0,0,0,26,0,0,0,0,1.33,0,1.33,0,0.67,0,0,12.67,0,0,0,0,0,0,0,0,0,0,0
"2006_Pzzinu_par_20",0,0,0,0,0,0,0,4.67,0,0,0,0,7.33,0,0,0,0,0,0,0,2.67,0,0,0,0,0,0,0,6,0,0,0,0,0,0,0,0,0,0,0,0,0,0,0,0,0,0,0,0,0,0,0,0,2,0.67,0,0,0,0,0,0,0,0,0,0,0,6.67,0,0,0,0,0,0,0,0.67,15.33,0,0,0,0,2.67,0,0,0,0,0,0,46,0,0,0,0,0,0,0,0,0,0,0,5.33,0,0,0,0,0,0,0,0,0,0,0
"2006_Pzzinu_par_21",0,0,0,0,0,0,0,0,0.67,0,0,0,18,0,0,0,0,1.33,0,0,0,0,0,0,0,0,0,0,12,0,0,0,0,0,0,0,0,0,0,0.67,0,0,2,3.33,0,0,0,0,0,0,0,0,0,0,2,0,0,0,0,0,0,0,0,0,0,0,12,0,0,0,0,0,0,0,1.33,12.67,0,0,0,0,0,0,0,0,0,0,0,19.33,0,0,13.33,0,0,0,1.33,0,0,0,0,0,0,0,0,0,0,0,0,0,0,0,0
"2006_Pzzinu_par_22",0,0,0,0,0,0,0,18,0,0,0,0,12,0,0,0,0,2.67,0,0,0,0,0,0,0,0,0,0,3.33,0,0.67,0,0,0,0,0,0,0,0,0,0,0,0,1.33,0,0,0,0,0,0,0,0,0,0,0,0,0,0,0,0,0,0,0,0,0,0,8,0,0,0,0,0,0,0,0.67,9.33,0,0,0,1.33,0,0,0,0,0,0,0,27.33,0,0,1.33,0,0,0,8.67,0,0,0,0,5.33,0,0,0,0,0,0,0,0,0,0,0
"2006_Pzzinu_par_23",0,0,0,0,0,0,0,3.33,0,0,0,0,4.67,0,0,0,0,4,0,0,0,0,0,0,0,0,0,0,14,0,0,0,0,2,0,0,0,0,0,0,0,0,0,8,0,0,0,0,0,0,0,0,0,4,6,0,0,0,0,0,0,0,0,0,0,0,12,10,0,0,0,0,0,0,0.67,10,0,0,0,0,0.67,0,0,0,0,0,0,9.33,0,0,0,0,0,0,11.33,0,0,0,0,0,0,0,0,0,0,0,0,0,0,0,0
"2006_Pzzinu_par_24",0,0,0,0,0,0,0,3.33,0,0,0,0,22.67,0,0,0.67,0,5.33,0,0,0,0,0,0,0,0,0,0,22,0,0,0,0,0,0,0,0,0,0,0,0,0,0,0,0,0,0,0,0,0,0,0,0,0,0,0,0,0,0,0,0,0,0,0,0,0,1.33,0,0,0,0,0,0,0,0,10.67,0,0,0,0,0,0,0,0,0,0,0,17.33,0,0,4.67,0,0,0,6,0,0,0,0,6,0,0,0,0,0,0,0,0,0,0,0
"2016_Pzzinu_par_1",0,0,0,0,0,0,0,6.67,0,0,0,0,0,0,0,0,0,0,0,0,0,0,0,0,0,0,0,0,23.33,0,0,0,0,0,0,0,0,0,0,0,0,0,0.67,11.33,0,0,0,0,0,0,0,0,0,3.33,5.33,0,0,0,0,0,0,0,0,1.33,2.67,0,2,5.33,0,1.33,0,0,0,0,1.33,6.67,0,0,0,0,1.33,0,0.67,0,0,0,0,14.67,0,0,3.33,0,0,0,7.33,0,0,0,0,1.33,0,0,0,0,0,0,0,0,0,0,0
"2016_Pzzinu_par_2",0,0,0,0,0,0,0,0,0,0,0,0,2.67,0,0,0,0,0,0,0,0,2,0,0,0,0,0,0,2,0,0,0,0,0,0,0,0,0,0,0,0,0,0,9.33,0,0,0,0,0,0,0,0,0,0,0,0,0,0,0,0,0,0,0,0,0,0,4.67,15.33,0.67,0.67,0,0,0,0,1.33,12,0,0.67,0,0,0,0,0,0,0,0,0,30,0,0,8,0,0,2,6.66,0,0.67,0,1.33,0,0,0,0,0,0,0,0,0,0,0,0
"2016_Pzzinu_par_3",0,0,0,0,0,0,0.67,10,0.67,0,0,0,0,0,0,0,0,0,0,0,0,0,0,0,0,0,0,0,8,0,0,1.33,2.67,0,0,0,0,0,0,0,0,0,0,6.67,0,0,0,0,0,0,0,0,0,3.33,3.33,0,0,0,0,0,0,0,0,0,3.33,0,4,0,0,0,0,0,0,0,2,11.33,0,0,0,0,0,0,0,0,0,0,2.67,21.33,0,0,4.67,1.33,0,0.67,8,0,0,0,0,3.33,0,0,0,0,0,0,0,0,0.67,0,0
"2016_Pzzinu_par_4",0,0,0,0,0,0,0,15.33,0.67,0,0,0,2,0.67,0,0,0,0,0,0,0,0,0,0,0,0,0,0,7.33,0,1.33,0,0,0,0,0,0,0,0,0,0,0,0,16,0,0,0,0,0,0,0,0,0,0,5.33,0,0,0,0,0,0,0,0,1.33,0,0,2,0,0,0,0,0,0.67,0,2,20,0,2,0,0,0,0,1.33,0,0,0,0,6.67,0,0,0,8,0,0.67,4.67,0,0,0,1.33,0,0,0,0,0,0,0,0,0,0,0,0.67
"2016_Pzzinu_par_5",0,0,0,0,0,0,0.67,0,1.33,0,0,0,15.33,0,0,0,0,0,0,0,0,0,0,0,0,0,0,0,12,0,2.67,0,0,0,0,0,0,0,0,0,0,0,0,16.67,0,0,0,0,0,0,0,0,0,0.67,0,0,0,0,0,0,0,0,0,0,0,3.33,4.67,0,0.67,0,0,0,0,0,0,18.67,0,0,0,0,0,0,0,0,0,0,1.33,16,0,0,2.67,0,1.32,0,0,0,0.67,0,0,1.33,0,0,0,0,0,0,0,0,0,0,0
"2016_Pzzinu_par_6",0,0,0,0,2,0,0,4,0,0,0,0,4.67,0,0,0,0,0,0,0,3.33,0,0,0,0,0,0,0,20,0,0,0,0,0,0,0,0,0,0,0,0,0,0,10,0,0,0,0,0,0,0,0,0,0,2,0,0,0,0,0,0,0,0,0.67,0,0,2,0,0.67,0,0,0,0.67,0,0.67,15.33,0,0,0,0,0,0,0,0,0,0,0.67,17.33,0,0,0,2.67,0,2,4.67,0,0,0,3.33,3.32,0,0,0,0,0,0,0,0,0,0,0
"2016_Pzzinu_par_7",0,0,0,0,0,0,0,8.67,0,0,0,0,20,0.67,0,0,0,0,0,0,0,0,0,0,0,0,0,0,5.33,0,0,0,0,0,0,0,0,0,0,0,0,0,0,16,0,0,0,0,0,0,0,0,0,0,3.33,0,0,0,0,0,0,0,0,0,0,0,6.67,0,0.67,0,0,0,0,0.67,5.33,19.33,0,0,0,0,0,0,0,0,0,0,0,3.33,0,0,0,2,0,1.33,2.67,0,0,0,0,2,0,0,0,0,0,0.67,0,0,0,0,1.33
"2016_Pzzinu_par_8",0,0,0,0,0,0,0,2.67,0,0,0,0,7.33,0,0,0,0,0,0,0,0,0,0,0,0,0,0,0,3.33,0,1.33,0,0,0,0,0,0,0,0,0,0,0,0,10.67,0,0,0,0,0,0,0,0,0,0,1.33,0,0,0,0,0,0,0,0,0,0,0,2.67,0,1.33,0,0,0,0,0,1.33,26.67,0,0,0,0,0,0,0,0,0,0,0,26.67,0,0,3.33,0.67,1.34,0,6,0,0,0,0,3.33,0,0,0,0,0,0,0,0,0,0,0
"2016_Pzzinu_par_9",0,0,0,0,0,0,0,0,0,0,0,0,8,0,0,0,0,0,0,5.33,0,2.67,0,0,0,0,0,0,6,0,5.33,0,0,0,0,0,0,0,0,0,0,0,0,4,0,0,0,0,0,0,0,0,0,0.67,0,0,0,0,0,0,0,0,0,0,0,0,4.67,0.67,2.67,0,0,0,0,0,0.67,16,0,0,0,0,0,0,2.67,0,0,0,1.31,30.67,0,0,2,2.67,1.33,0,0,0,0,0,0,2,0,0,0,0,0,0.67,0,0,0,0,0
"2016_Pzzinu_par_10",0,0,0,0,0,0,0.67,5.33,0,0,0,0,3.33,0,0,0,0,0,0,0,0,0,0,0,0,0,0,0,18.67,0,0,0,0,1.33,0,0,0,0,0,0,0,0,0,8,0,0,0,0,0,0,0,0,0,1.33,4.67,0,0,0,0,0,0,0,0,0.67,0,0,10.67,1.33,0,0.67,0,0,0,0,3.33,18.67,0,0.67,0,0,0.67,0,1.33,0,0,0,0,0,0,0,0,0,8.67,0,0,2,0,0,0,0.67,0,0,0,0,0,0,0,0,7.32,0,0
"2016_Pzzinu_par_11",0,0,0,0,0,0,0,16,0,0,0,0,3.33,0,0,0,0,0,0,0,0,0,0,0,0,0,0,0,5.33,0,0,0.67,0,0,0,0,0,0,0,0,0,0,0,11.33,0,0,0,0,0,0,0,0,0,0.67,4,0,0,0,0,0,0,0,0,2,0,0,8.67,0,0,0,0,0,0,0,2,33.33,0,0,0,0,0,0,0,0,0,0,1.33,0,0,0,0,5.33,0,0,2.67,0,0,0,0,2.67,0,0,0,0,0,0,0,0,0,0,0.67
"2016_Pzzinu_par_12",0,0.67,0,0,0,0,0,7.33,0,0,0,0,24.67,0,0,0,0,2,0,0,2,1.33,0,0,0,0,0,0,4.67,0,0,0,0,0,0,0,0,0,0,0,0,0,0,2,0,0,0,0,0,0,0,0,0,0,1.33,0,0,0,0,0,0,0,0,0.67,0,0,9.33,0,0,0,0,0,0,0,0.67,4.67,0,0,0,0,0,0,0,0,0,0,0,30.67,0,0,0,0,0,0,4,0,0,0,0,4,0,0,0,0,0,0,0,0,0,0,0
"2016_Pzzinu_par_13",0,0,0,0,0,0,0,1.33,0,0,0,0,19.33,0.67,0,0,0,3.33,0,0,0,0,0,0,0,0,0,0,6.67,0,0,0,0,0.67,0,0,0,0,0,0,0,0,0,12,0,0,0,0,0,0,0,0,0,0,0,0,0,0,0,0,0,0,0,0,0,0,3.33,0,0,0,0,0,0,0,1.33,8.67,0,0,0,0,0,0,0,0,0,0,0,30,0,0,2,0.67,6,0,2.67,0,0,0,0,1.33,0,0,0,0,0,0,0,0,0,0,0
"2016_Pzzinu_par_14",0,1.33,0,3.33,0,0,0,0,1.33,0,0,0,9.33,0,0,0,0,0,0,12,0,0,0,0,0,0,0,0,8.67,0,0,0,0,0,0,0,0,0,0,0,0,0,0,3.33,0,0,0,0,0,0,0.67,0,0,0,0,0,0,0,0,0,0,0,0,2.67,3.33,0,1.33,0,0,0,0,0,0,0,0.67,22.67,0,0,0,0,0,0,0,0,0,0,0,18.67,0,0,7.33,0,2,0.67,0,0,0,0,0,0.67,0,0,0,0,0,0,0,0,0,0,0
"2016_Pzzinu_par_15",0,0,0,0,0,0,5.33,5.33,1.33,0,0,0,0,0,0,0,0,0,0,0,0,0,0,0,0,0,0,0,7.33,0,0,0,0,0,0,0,0,0,0,0,0,0,0,5.33,0,0.67,0,0,0,0,0,0,0,2,8,0,0,0,0,0,0,0,0,0,0,0,3.33,0,2.67,0.67,0,0,0,0,0,32,0,0,0,0,0,0,0,0,0,0,0,15.33,0,0,0,0,6.67,0,0,0,0,0,0,4,0,0,0,0,0,0,0,0,0,0,0
"2016_Pzzinu_par_16",0,0,0,0,0,0,0,0.67,0,0,0,0,5.33,0,0,0,0,0,0,0,0,0,0,0,0,0,0,0,5.33,0,0,2,0,0,0,0,0,0,0,0,0,0,0,10,0,0,0,0,0,0,0,0,0,2,2.67,0,0,0,0,0,0,0,0,0,0,0,7.33,0,0,0,0,0,0,0.67,2,32,0,0,0,0,0,0,0,0,0,0,2.67,13.33,0,0,0,6,0,0,4,0,0,0,0,3.33,0,0,0,0,0,0,0,0,0,0,0.67
"2016_Pzzinu_par_17",0,0,0,0,0,0,1.33,10,0,0,0,0,16,0,0,0,0.67,0,0,0,0,0,0,0,0,0,0,0,3.33,0,0,0,0,0,0,0,0,0,0,0,0,0,0,4,0,0,0,0,0,0,0,0,0,8,4,0,0,0,0,0,0,0,0,0,0,0,2.67,0,0,0,0,0,0,0,3.33,17.33,0,0,0,0,0,0,0,0,0,0,0,20,0,0,0,0,0,0,8,0,0.67,0,0,0.67,0,0,0,0,0,0,0,0,0,0,0
"2016_Pzzinu_par_18",0,0,0,0,0,0,0.67,13.33,0,0,0,0,10,0,0,0,0,0,0,0,0,0,0,0,0,0,0,0,4,0,0,0,0,0,0,0,0,0,0,0,0,0,0,6.67,0,0,0,0,0.67,0,0,0,0,0,2.67,0,0,0,0,0,0,0,0,1.33,0,0,2.67,0,0.67,0,0,0,0,1.33,0.67,19.33,0,0,0,0,2,0,0,0,0,0,0,12.67,0,0,6.67,0,0,0,6.67,0,0,0,1.33,6.67,0,0,0,0,0,0,0,0,0,0,0
"2016_Pzzinu_par_19",0,0,0,0,0,0,0,6.67,0,0,0,0,7.33,0,0,0,0,0,0,0,0,0,0,0,0,0,0,0,8.67,0,0,0,0,0,0,0,0,0,0,0,0,0,0,14,0,0,0,0,0,0,0,0,0,0,8.67,0,0,0,0,0,0,0,0,0.67,0,0,0,0,0,0,0,0,0,0,1.33,18.67,0,0,0,0,0,0,0,0,0,0,0,16.67,0,0,0,1.33,9.33,0,2.67,0,0,0,0,4,0,0,0,0,0,0,0,0,0,0,0
"2016_Pzzinu_par_20",0,0,0,0,0,0,0,0,0.67,0,0,0,14,0,0,0,0,0,0,0,0,0,0,0,0,0,0,0,4.67,0,0,0,0,0,0,0,0,0,0,0.67,0,0,0,6,0,0,0,0,0,0,0,0,0,0,0,0,0,0,0,0,0,0,0,0,0,0,8,0,0,0.67,0,0,0,0,0,20,0,0,0,0,0,0,0,0,0,0,1.33,40,0,0,0.67,0,2,0,1.33,0,0,0,0,0,0,0,0,0,0,0,0,0,0,0,0
"2016_Pzzinu_par_21",0,0,0,0,0,0,0,6,0,0,0,0,14.67,0,0,0,0,0,0,0,0,0,0,0,0,0,0,0,9.33,0,0,0,0,0,0,0,0,0,0,0.67,0,0,0,1.33,0,0,0,0,0,0,0,0,0,0,0,0,0,0,0,0,0,0,0,0,0,0,10.67,0,0,0,0,0,0,0,0.67,8,0,0,0,0,0,0,0,0,0,0,0,29.33,0,0,11.33,1.33,0,0,1.33,0,0,0,0,5.33,0,0,0,0,0,0,0,0,0,0,0
"2016_Pzzinu_par_22",0,0,0,0,0,0,0,15.33,0,0,0,0,7.33,0,0,0,0,0,0,0,0,0,0,0,0,0,0,0,6.67,0,0,0,0,0,0,0,0,0,0,0,0,0,0,8.67,0,0,0,0,0,0,0,0,0,0,0,0,0,0,0,0,0,0,0,0,0,0,1.33,0,0,0,0,0,0,0,0,18.67,0,0,0,0,0.67,0,0,0,0,0,0,30.67,0,0,4,0,1.33,0,4.67,0,0,0,0,0.67,0,0,0,0,0,0,0,0,0,0,0
"2016_Pzzinu_par_23",0,0,0,0,0,0,0.67,1.33,0.67,0,0,0,6,0,0,0,0,0,0,0,0,0,0,0,0,0,0,0,3.33,0,0,3.33,0,4.67,0,0,0,0,0,0,0,0,0,9.33,0,0,0,0,0,0,0,0,0,4.67,1.33,0,0,0,0,0,0,0,0,0,0,0,1.33,0,0,0,0,0,0,0,1.33,27.33,0,0,0,0,0.67,0,0,0,0,0,0,20.67,0,0,0,2,0,0,9.33,0,0,0,0,2,0,0,0,0,0,0,0,0,0,0,0
"2016_Pzzinu_par_24",0,0,0,0,0,0,0,6,0,0,0,0,12,0,0,0,0,0,0,0,0.67,0,0,0,0,0,0,0,0.67,0,0,0,0,0,0,0,0,0,0,0,0,0,0,1.33,0,0,0,0,0,0,2,0,0,0,2,0,0,0,0,0,0,0,0,0,0,0,2,0,0,0,0,0,0,0,0.67,22.67,0,0,0,0,0,0,0,0,0,0,0,35.33,0,0,2.67,0.67,0,0,4,1.33,0,0,0,6,0,0,0,0,0,0,0,0,0,0,0
"2011_Pzzinu_par_1",0,2,0,0,0,0,0,4,0,0,0,0,8,0.67,0,0,0,0,0,0,0,0,0,0,0,0,0,0,23.33,0,0,0,0,0,0,0,0,0,0,0,0,0,0,0,0,0,0,0,0,0,0,0,0,0,1.33,0,0,0,0,0,0,0,3.33,1.33,0,0,7.33,0,0,0.67,0,0,0,0,0.67,9.33,0,0,0,0,0,0,0,0,0,0,0,18.67,0,0,2,0,5.33,0,6.67,2.67,0,0,0,2.67,0,0,0,0,0,0,0,0,0,0,0
"2011_Pzzinu_par_2",0,0,0,0,3.33,0,0,1.33,0,0,0,0,2,0,0,0,0,1.33,0,0,0,0.67,0,0,0,0,0,0,10.65,0,2.67,0,0,0,0,0,0,0,0,0,0,0,0,0,0,0,0,0,0,0,0,0,0,0.67,3.33,0,0,0,0,0,0,0,0.67,2,0,0,2.67,11.33,4,0.67,0,0,0,0,0.67,8,0,0,0,0,0,0,0,0,0,0,0,36,0,0,2.67,0,0,0,2.67,2,0,0,0,0.67,0,0,0,0,0,0,0,0,0,0,0
"2011_Pzzinu_par_3",0,0,0,0,2,0,0,5.33,0.67,0,0,0,14.67,0.67,0,0,0,0.67,0,0,0,0,0,0,0,0,0,0,15.33,0,2.67,0,1.33,0,0,0,0,0,0,0,0,0,0,5.33,0,0,0,0,0,0,0,0,0,4,1.33,0,0,0,0,0,0,0,2,0,2,0,8.67,0,1.33,0,0,0,0,0,2,4,0,0,0,0,0,0,0,0,0,0,1.33,19.33,0,0,0,0,0,0,0.67,0,0,0,1.33,2.67,0,0,0,0,0,0,0,0,0,0,0.67
"2011_Pzzinu_par_4",0,0,0,0,0.67,0,0,15.33,1.33,0,0,0,12,0,0,0,0,0,0,0,0,0,0,0,0,0,0,0,16.67,0,0,0,0,0,0,0,0,0,0,0,0,0,0,6.67,0,0,0,0,2.67,0,0,0,0,0,1.33,0,0,0,0,0,0,0,0.67,1.33,0,0,6,0,0.67,0,0,0,0,0,1.33,12,0,0,0,1.33,0,0,0,0,0,0,0,12.67,0,0,0,0,0,0,1.33,0,0,0,1.33,4,0,0,0,0,0,0,0,0,0,0,0.67
"2011_Pzzinu_par_5",0,0.67,0,0,0,0,0,0,0,0,1.33,0,8,0,0,0,0,2.67,0,0,0.67,0,0,0,0,0,0,0,17.33,0,0,0,0,0,0,0,0,0,0,0,0,0,0,12.67,0,0,0,0,0,0,0,0,0,0,4.67,0,0,0,0,0,0,0,4,0,0,0,2,0,0.67,0,0,0.67,0,0,0,8,0,0,0,0.67,2,0,0,0,0,0,0,16,0,0,2.67,0,0,0,1.33,0,0,0,0,4.65,8,0,0,0,0,0,0,0,0,0,1.33
"2011_Pzzinu_par_6",0,0,0,0,0,0,0,3.33,0,0,0,0,8.67,0.67,0,0,0,0,0,0,0,0,0,0,0,0,0,0,21.33,0,0,0,0,0.67,0,0,0,0,0,0,0,0,0.67,5.33,0,1.33,0,0,1.33,0,0,0,0,0.67,4.67,0,0,0,0,0,0,0,2.67,0.67,0,0,2.67,0,0.67,0,0,0,0.67,0,2.67,8.67,0,0,0,0,0,0,0,0,0,0,0,16.67,0,0,0,0,4,0,8,0,0.67,0,0,3.3,0,0,0,0,0,0,0,0,0,0,0
"2011_Pzzinu_par_7",0,0,0,0,0,0,0,11.33,0,0,0,0,12,0,0,0,0,4,0,0,0,0,0,0,0,0,0,0,11.33,0,2.67,0,0,0,0,0,0,0,0,0,0,0,0.67,7.33,0,0,0,0,0,0,0,0,0,2,8,0,0,0,0,0,0,0,0,0.67,0,0,10,0,0,0,0,0,0,0,4.67,17.33,0,0,0,0,0,0,0,0,0,0,0,4,0,0,0,0,2,0,1.33,0,0,0,0,0,0,0,0,0,0,0.67,0,0,0,0,0
"2011_Pzzinu_par_8",0,0,0,0,0,0,0,4.67,1.33,0,0,0,4,0,0,0,0,0,0,0,0,0,0,0,0,0,0,0,16,0,5.33,0,0,0,0,0,0,0,0,0,0,0,0,7.33,0,0,0,0,0,0,0,0,0,0,8,0,0,0,0,0,0,0,0,0,0,0,5.33,0,1.33,0,0,0,0,0,0.67,10,0,0,0,0,0,0,0,0,0,0,0,29.33,0,0,0,0,4.67,0.68,1.33,0,0,0,0,0,0,0,0,0,0,0,0,0,0,0,0
"2011_Pzzinu_par_9",0,0,0,0,0,0,0,3.33,0,0,0,0,12.67,0,0,0,0,6.67,0,6,0,0,0,0,0,0,0,0,11.33,0,0,0,0,0,0,0,0,0,0,0,0,0,0,7.33,0,0,0,0,0,0,0,0,0,1.33,0.67,0,0,0,0,0,0,0,2,0,0.67,0,0,0,1.33,0,0,0,0,0,0,14.67,0,0,0,0,0,0,0,0,0,0,0,26,0,0,3.33,0,0,0,2,0,0,0,0,0.67,0,0,0,0,0,0,0,0,0,0,0
"2011_Pzzinu_par_10",0,0,0,0,0,0,0,0.67,0,0,0,0,6.67,0.67,0,0,0,10,0,0,0,0,0,0,0,0,0,0,14,0,0,0,0,0,0,0,0,0,0,0,0,0,0,0,0,0,0,0,0,0,0,0,0,0,0,0,0,0,0,0,0,0,0,2,0,0,1.33,12,0,0.67,0,0,0,0,0,4,0,0,0,0.67,2.67,0,0,0,0,0,0,26,0,0,0,0,4.67,1.33,11.32,0,0,0,0,1.33,0,0,0,0,0,0,0,0,0,0,0
"2011_Pzzinu_par_11",0,0,0,0,0,0,0,19.33,0,0,0,0,15.33,0,0,0,0,0,0,0,0,0,0,0,0,0,0,0,17.33,0,1.33,0,0,0,0,0,0,0,0,0,0,0,0,2,0,0.67,0,0,0,0,0,0,0,0,8,0,0,0,0,0,0,0,0.67,2.67,0,0,4,0,0,0,0,0,0,0,2,19.33,0,0,0,0,0,0,0,0,0,0,0,1.33,0,0,0,0,0,0,3.33,0,1.35,0,0,1.33,0,0,0,0,0,0,0,0,0,0,0
"2011_Pzzinu_par_12",0,1.33,0,0,0,0,0,4,0,0,0,0,21.33,0,0,0,0,0,0,0,0.67,0,1.33,0,0,0,0,0,16.67,0,0,0,0,0,0,0,0,0,0,0,0,0,0,7.33,0,0.67,0,0,0,0,1.33,0,0,0.67,6,0,0,0,0,0,0,0,0,2.67,0,0,3.33,0,0,0,0,0,0,0,1.33,10.67,0,0,0,0,0,0,0,0,0,0,0,11.33,0,0,0,0,1.33,0,2.67,0,0,0,0,4,0.67,0,0,0,0,0,0,0,0,0,0.67
"2011_Pzzinu_par_13",0,1.33,0,0,0,0,0,5.33,0,0,0,0,5.33,0.67,0,0,0,0,0,0,0,0,0,0,0,0,0,0,21.33,0,0,0,0,0.67,0,0,0,0,0,0.67,0,0,0,4.67,0,0,0,0,0,0,0,0,0,0.67,3.33,0,0,0,0,0,0,0,1.33,0,0,0,0,2,5.33,0,0,0,0,0,1.33,10.67,0,0,0,0,0.67,0,0,0,0,0,0,16,0,0,4.68,0,8,1.33,1.33,0,0,0,0,3.33,0,0,0,0,0,0,0,0,0,0,0
"2011_Pzzinu_par_14",0,0,0,0,0,0,0,0,2,0,0,0,0.67,0,0,0,0,22,0,0,0,0,0,0,0,0,0,0,8,0,0,0,0,0.67,0,0,0,0,0,0,0,0,0,4.67,0,0,0.67,0,0,0,0,0,0,2,4,0,0,0,0,0,0,0,0,0,0,0,0,0,1.33,0,0,0,0,0,0,10,0,0,0,0,0,0,0,0,0,0,0,30.66,0,0,6,0,4.67,0,0,0,0,0,0,1.33,0,0,0,0,0,1.33,0,0,0,0,0
"2011_Pzzinu_par_15",0,0,0,0,0,0,0,0,0,0,0,0,12,0,0,0,0,4,0,0,0.67,0,0,0,0,0,0,0,5.33,0,6.67,0,0,0,0,0,0,0,0,0,0,0,0,6.67,0,0,0,0,0,0,0,0,0,0,0.67,0,0,0,0,0,0,0,1.33,2,0.67,0,0.67,0,0,0,0,0,0,0,2,5.33,0,2.65,0,0,0,0,0,0,0,0,0,26,0,0,0,0,6.67,0,2.67,2,0.67,0,1.33,10,0,0,0,0,0,0,0,0,0,0,0
"2011_Pzzinu_par_16",0,0,0,0,7.33,0,0,0,0,0,0,0,8,0,0,0,0,0,0,0,0,0,0,0,0,0,0,0,14,0,0,0,0,0,0,0,0,0,0,0,0,0,0,4.67,0,0,0,0,0,0,0,0,0,0,4.67,0,0,0,0,0,0,0,6,0,0,0,3.33,0,2,0,0,0,0,0,2,15.33,0,0,0,0,0,0,0,0,0,0,1.35,17.33,0,0,0,0,7.33,0,4,0,0,0,0,1.33,0,0,0,0,0,0,0,0,0,0,1.33
"2011_Pzzinu_par_17",0,0,0,0,0,0,0,13.33,0,0,1.33,0,3.33,0,0,0,0,0.67,0,0,0,0,0,0,0,0,0,0,14.67,0,0.67,0,0,0.67,0,0,0,0,0,0,0,0,0,0.67,0,0,0,0,0,0,0,0,0,0,1.33,0,0,0,0,0,0,0,3.33,0,0,0,2.67,0,0,0,0,0,0,0,1.33,8,0,0,0,0,0,0,0,0,0,0,0,28.66,0,0,0,0,2,0,6,0,0,0,0,10.67,0,0,0,0,0,0.67,0,0,0,0,0
"2011_Pzzinu_par_18",0,0,0,0,0,0,0.67,6.67,0,0,0,0,1.33,0,0,0,0,4.67,0,0,0,0,0,0,0,0,0,0,10.67,0,0,2,0,0,0,0,0,0,0,0,0,0,0,2,0,0,0,0,0.67,0,0,0,0,0,8,0,0,0,0,0,0,0,0,2.67,0,0,7.33,0,0,0,0,0,0,0,1.33,16,0,0,0,0,0,0,0,0,0,0,0.67,16.66,0,0,5.33,0,0,0,2,0,0,0,0,9.33,0.67,0,0,0,0,0,0,0,0,0,1.33
"2011_Pzzinu_par_19",0,0,0,0,0.67,0,0,4.67,0,0,0,0,10,0,0,0,0,3.33,0,0,0,0,0,0,0,0,0,0,29.33,0,0,0,0,0,0,0,0,0,0,0,0,0,0,7.33,0,0,0,0,0,0,0,0,0,0,2,0,0,0,0,0,0,0,0,0,0,0,2.67,0,0,0,0,0,0,0,0,13.33,0,0,0,0,0,0,0,0,0,0,0,13.33,0,0,0.67,0,10,0,2,0,0,0,0,0.67,0,0,0,0,0,0,0,0,0,0,0
"2011_Pzzinu_par_20",0,0,0,0,1.33,0,0,2,0,0,0,0,0,0,0,0,0,4,0,0,0,0,0,0,0,0,0,0,23.33,0,3.33,0,0,0,0,0,0,0,0,0,0,0,0,2.67,0,0,0,0,0,0,0,0,0,0,4.67,0,0,0,0,0,0,0,3.33,0.67,2.67,0,6,0,0,0,0,0,0,0,0.67,12,0,0,0,0,0,0,0,0,0,0,0,25.33,0,0,0.67,0,2,0,2.67,0,0,0,0,2.66,0,0,0,0,0,0,0,0,0,0,0
"2011_Pzzinu_par_21",0,0,0,0,0.67,0,0,0.67,0.67,0,0,0,5.33,0,0,0,0,0.67,0,0,0,0,0,0,0,0,0,0,8.67,0,2,0,0.67,0,0,0,0,0,0,0,0,0,0,3.33,0,0,0.67,0,0,0,0,0,0,0,2.67,0,0,0,0,0,0,0,0,0,0,0,12,0,0,0,0,0,0,0,0,18.67,0,0,0,0,0.67,0,0,0,0,0,0,38,0,0,0,0,0,0,1.33,0,0,0,0,3.31,0,0,0,0,0,0,0,0,0,0,0
"2011_Pzzinu_par_22",0,0,0,0,2.67,0,0,19.33,0,0,0,0,0,0,0,0,0,0,0,0,0.67,0,0,0,0,0,0,0,2,0,0,0,0,0,0,0,0,0,0,0,0,0,0,4,0,0,0,0,0,0,0,0,0,0,7.33,0,0,0,0,0,0,0,1.33,0,1.33,0,0,0,0,0,0,0,0,0,0,25.33,0,0,0,0,1.33,0,0,0,0,0,0,24,0,0,2,0,6,0,2.68,0,0,0,0,0,0,0,0,0,0,0,0,0,0,0,0
"2011_Pzzinu_par_23",0,0,0,0,0,0,0,2,0,0,0,0,1.33,0,0,0,0,0,0,0,0,0,0,0,0,0,0,0,6.67,0,0,0,0,0,0,0,0,0,0,0,0,0,0,12.67,0,0,0,0,0,0,0.67,0,0,0.67,3.33,0,0,0,0,0,0,0,1.33,0.67,0,0,5.33,15.33,4.67,0,0,0,0,0.67,0.67,10.67,0,0,0,0,0,0,0,0,0,0,0,10,0,0,0,0,0,0,12.65,0,0.67,0,0,9.33,0,0,0,0,0,0.67,0,0,0,0,0
"2011_Pzzinu_par_24",0,0,0,0,0,0,0,1.33,0,0,0,0,9.33,0,0,0,0,0,0,0,0,0,0,0,0,0,0,0,13.33,0,0,0,0,0,0,0,0,0,0,0,0,0,0,11.33,0,0,0,0,0,0,0,0,0,0,6.67,0,0,0,0,0,0,0,2.67,0,0,0,8.67,0,0,0,0,0,0,0,1.33,6.67,0,0,0,0,0,0,0,0,0,0,0,27.33,0,0,2.67,0,2.67,0,2,0,0,0,0,3.33,0,0,0,0,0,0.67,0,0,0,0,0
"2006_Passe_cor_1",0,0,0,0,0,0,0,0,0,0,0,0,0,0,0,0,0,0,0,0,0,0,0,0,0,0,8,0,0,0,0,0.67,0,0,0,0,0,0,0,0,0,0,1.33,0,0,0,0,0,0,0,0,0,16.67,0,0,0,0,0,0,0,0,0,0,0,0,0,1.33,0,1.33,14,0,0,0,0,0,47.33,0,0,0,0,0,0,0,0,0,0,0,0,0,0,0,0,0,0,0,0,0.67,0,0,8,0,0,0,0,0,0.67,0,0,0,0,0
"2006_Passe_cor_2",0,0,0,0,0,0,0,0,0.67,0,0,0,0,0,0,0.67,0,2,0,0,0,0,0,0,0,0,6,0,0,0,0,0.67,0,0,0,0,0,0,0,0,0,0,4,0,0,0,0,0,0,0,0,0,8,0,0,0,0,0,0,0,0,0,0,0,0,0,2,0,0.67,8.67,0,0,0,0,0.67,44,0,0,0,0,0,0,0,0,0,0,0,0,0,0,0,0,0,0,0.67,0,0,0,0,17.31,0,0,0,0,0,0.67,0,0,0,3.33,0
"2006_Passe_cor_3",0,0,0,0,0,0,0,0,0,0,0,0,0,0,0,0,0,0,0,0,0,0,0,0,0,0,10.67,0,0,0,0,0,0,0,0,0,0,0,0,0,2.67,0,2.67,0,0,0,0,0,0,0,4,0,11.33,0,0,0,0,0,0,0,0,0,0,0,0,0,3.33,0,0,11.33,0,0,0,0,0,41.34,0,0,0,0,0.67,0,0,0,0,0,0,0,0,0,0,0,0,0,0,0,0,0,0,7.33,0,0,0,0,0,0,0,0,4.66,0,0
"2006_Passe_cor_4",0,0,0,0,0,0,0,0,2,0,0,0,0,0,0,0,0,0,0,0,0,0,0,0,0,0,8.67,0,0,0,0,0.67,0,0,0,0,0,0,0,0,6.67,0,0,0,0,0,0,0,0,0,0,0,1.33,0,0,0,0,0,0,0,0,0,0,0,2.67,0,2,0,0,19.33,0,0,0,0,0,46.66,0,0,0,0,0,0,0,0,0,0,0,0,0,0,0,0,0,0,1.33,0,0,0,0,8.67,0,0,0,0,0,0,0,0,0,0,0
"2006_Passe_cor_5",0,3.33,0,0,0,0,0,0,0,0,0,0,0,0,0,0.67,0,0,0,0,0,0,0,0,0,0,12.67,0,0,0,0,0,0,0,0,0,0,0,0,0,4.67,0,0.67,0,0,0,0,0,0,0,0.67,0,28.67,0,0,0,0,0,0,0,0,0,0,0,0.67,0,3.33,0,0.67,13.33,0,0,0,0,1.33,20,0,0,0,0,0,0,0,0,0,0,0,0,0,0,0,0,0,0,3.33,0,0,0,0,4,0,0,0,0,0.67,1.32,0,0,0,0,0
"2006_Passe_cor_6",0,7.33,5.33,0,0,0,0,0,0,0,0,0,0,0,0,0,0,9.33,0,0,0,0,0,0,0,0,12,0,0,0,0,0,0,0,0,0,0,0,0,0,0,0,0,0,0,0,0,0,0,0,0,0,14,0,0,0,0,0,0,0,0,0,0,0,4,0,0,0,0,12.67,0,0,0,0,1.33,29.33,0,0,0,0,0,0,0,0,0,0,0,0,0,0,0,0,0,0,0.67,0,0,0,0,1.33,0,0,0,0,0,2.68,0,0,0,0,0
"2006_Passe_cor_7",0,0.67,0,0,0,0,0,0,0,0,0,0,0,0,0,1.33,0,4,0,0,0,0,0,0,0,0,12,0,0,0,0,0,0,0,0,0,0,0,0,0,0,0,0,0,0,0,0,0,0,0,0,0,18,0,0,0,0,0,0,0,0,0,0,0,0,0,3.33,0,0,16,0,0,0,0,0.67,35.33,0,0,0,0,0,0,0,0,0,0,0,0,0,0,1.33,0,0,0,1.33,0,0,0,0,5.33,0,0,0,0,0,0.68,0,0,0,0,0
"2006_Passe_cor_8",0,0,0,0,0,0,0,0,0,0,0,0,0,0,0,0,0,10.67,0,0,0,0,0,0,0,0,11.33,0,0,0,0,0,0,0,0,0,0,0,11.33,0,0,0,0,0,0,0,0,0,0,0,2.67,0,12.67,0,0,0,0,0,0,0,0,0,0,0,0,0,0,0,0,9.33,0,0,0,0,0.67,28.67,0,0,0,0,0,0,0,0,0,0,0,0,0,0,0,0,0,0,0,0,0,0,0,12,0,0,0,0,0,0.66,0,0,0,0,0
"2006_Passe_cor_9",0,0,0,0,0,0,0,0,0,0,0,0,0,0,0,0,0,10.67,0,0,0,0,0,0,0,0,11.33,0,0,0,0,0,0,0,0,0,0,0,0,0,0,0,1.33,0,0,0,0,0,0,0,0,0,8,0,0,0,0,0,0,0,0,0,0,0.67,0,0,2.67,0,0,5.33,0,0,0,0,0.67,50.67,0,0,0,0,0,0,0,0,0,0,0,0,0,0,0,0,0,0,0,0,0,0,0,4.67,0,0,0,0,0,2.67,0,0,1.32,0,0
"2006_Passe_cor_10",0,0,0,0,0,0,0,0,0,0,0,0,0,0,0,0,0,0,0,0,0,0,0,0,0,0,10.67,0,0,0,0,0,1.33,0,0,0,0,0,0,0,0,0,2,0,0,0,0,0,0,0,0,0,0,0,0,0,0,0,0,0,0,66.67,0,0,0,0,0,0,0,5.33,0,0,0,0,0,11.33,0,0,0,0,0,0,0,0,0,0,0,0,0,0,0,0,0,0,0,0,0,0,0,1.33,0,0,0,0,0,1.34,0,0,0,0,0
"2006_Passe_cor_11",0,0,0,0,0,0,0,0,0,0,0,0,0,0,0,0,0,14,0,0,0,0,0,0,0,0,13.33,0,0,0,0,0.67,0,4.67,0,0,0,0,0,0,0,0,0,0,0,0,0,0,0,0,0,0,0,0,0,0,0,0,0,0,0,0,0,0,0,0,0,0,0,7.33,0,0,0,0,2,50.67,0,0,0,0,0,0,0,0,0,0,0,0,0,0,0.67,0,0,0,0,0,0,0,0,6.66,0,0,0,0,0,0,0,0,0,0,0
"2006_Passe_cor_12",0,7.33,0,0,0,0,0,0,0,0,0,0,0,0,0,0,0,2.67,0,0,0,0,0,0,0,0,8.67,0,0,0,0,0,0,0,0,0,0,0,0,0,0,0,0,0,0,0,0,0,0,0,0,0,0,0,0,0,0,0,0,0,18.67,0,0,0,0,0,0,0,0,8.67,0,0,0,0,0,46,0,0,0,0,0,0,0,0,0,0,0,0,0,0,2.67,0,0,0,3.32,0,0,0,0,2,0,0,0,0,0,0,0,0,0,0,0
"2006_Passe_cor_13",0,4,5.33,0,0,0,0,0,0,0,0,0,0,0,0,2,0,8.67,0,0,0,0,0,0,0,0,5.33,0,0,0,0,0,0,0,0,0,0,0,0,0,0,0,2.67,0,0,0,0,0,0,0,0,0,0,0,0,0,0,0,0,0,6.67,0,0,0,0,0,1.33,0,0,8.67,0,0,0,0,0.67,42,0,0,0,0,0,0,0,0,0,0,0,0,0,0,0.67,0,0,0,0,0,0,0,0,11.32,0,0,0,0,0,0.67,0,0,0,0,0
"2006_Passe_cor_14",0,0,0,0,0,0,0,0,3.33,0,0,0,0,0,0,1.33,0,8,0,0,0,0,0,0,0,0,10.67,0,0,0,0,0,4,0,0,0,0,0,0,0,0,0,0,0,0,0,0,0,0,0,0,0,0,0,0,0,0,0,0,0,0,0,0,0,0,1.33,4.67,0,0,9.33,0,0,0,0,2,50.67,0,0,0,0,0,0,0,0,0,0,0,0,0,0,0,0,0,0,0,0,0,0,0,4.67,0,0,0,0,0,0,0,0,0,0,0
"2006_Passe_cor_15",0,1.33,0,0,0,0,0,0,0,0,0,0,0,0,0,0,0,0,0,0,0,0,0,0,0,0,6,0,0,0,0,0,0,0,0,0,0,0,0,0,2,0,0.67,1.33,0,0,0,0,0,0,0,0,12,0,0,0,0,0,0,0,0,0,0,0,0,0,2.67,0,0,13.33,0,0,0,0,1.33,40.66,0,0,0,0,0,0,0,0,0,0,0,0,0,0,4,0,0,0,0,0,0.68,0,0,14,0,0,0,0,0,0,0,0,0,0,0
"2006_Passe_cor_16",0,0.67,0,0,0,0,0,0,0,0,0,0,0,0.67,0,0,0,0,0,0,0,0,0,0,0,0,11.33,0,0,0,0,0,0,0,0,0,0,0,0,0,5.33,0,0.67,0,0,0,0,0,0,0,0,0,32,0,0,0,0,0,0,0,0,0,0,0.67,0.67,0,0,0,0,8,0,0,0,0,0,29.33,0,0,0,0,0,0,0,0,0,0,0,0,0,0,0,0,0,0,0,0,0,0,0,10,0,0,0,0,0,0.66,0,0,0,0,0
"2006_Passe_cor_17",0,1.33,0,0,0,0,0,0,0.67,0,0,0,0,0,0,0,0,0,0,0,2,0,0,0,0,0,17.33,0,0,0,0,0,0,0,0,0,0,0,0,0,2.67,0,0,0,0,0,0,0,0,0,0,0,20,0,0,0,0,0,0,0,0,0,0,0,0,0,0,0,0,13.33,0,0,0,0,0,36.67,0,0,0,0,0,0,0,0,0,0,0,0,0,0,0,0,0,0,0,0,0,0,0,3.33,0,0,0,0,0,2.67,0,0,0,0,0
"2006_Passe_cor_18",0,0,4,0,0,0,0,0,0.67,0,0,0,0,0,0,0,0,1.33,0,0,0,0,0,0,0,0,9.33,0,0,0,0,0,0,0.67,0,0,0,0,2.67,1.33,2.67,0,3.33,0,0,0,0,0,0,0,1.33,0,24,0,0,0,0,0,0,0,0,0,0,0,1.33,0.67,1.33,0,0,11.33,0,0,0,0,1.33,24.67,0,0,0,0,0,0,0,0,0,0,0,0,0,0,0,0,0,0,4.67,0,0,0,0,2.67,0,0,0,0,0,0.67,0,0,0,0,0
"2006_Passe_cor_19",0,0,0,0,0,0,0,0,0,0,0,0,0,0,0,2.67,0,0,0,0,0,0,0,0,0,0,13.33,0,0,0,0,0,0,0,0,0,0,0,0.67,0,5.33,0,3.33,0,0,0,0,0,0,0,0,0,20.67,0,0,0,0,0,0,0,0,0,0,0,0,0,0,0,0,8.67,0,0,0,0,0,38,0,0,0,0,0,0,0,0,0,0,0,0,0,0,0,0,0,0,1.33,0,0.67,0,0,3.33,0,0,0,0,0,2,0,0,0,0,0
"2006_Passe_cor_20",0,0,0,0,0,0,0,0,0.67,0,0,0,0,0.67,0,0,0,1.33,0,0,0,0,0,0,0,0,11.33,0,0,0,0,0,0,6,0,0,0,0,0.67,0,1.33,0,0,0,0,0,0,0,0,0,0.67,0,26,0,0,0,0,0,0,0,0,0,0,0,1.33,0,3.33,0,0,11.33,0,0,0,0,0,20,0,0,0,0,0,0,0,0,0,0,0,0,0,0,0,0,0,0,2,0,0,0,0,5.34,0,0,0,0,0,2,0,0,6,0,0
"2006_Passe_cor_21",0,0,0.67,0,0,0,0,0,0,0,0,0,0,0,0,2,0,1.33,0,0,0,0,0,0,0,0,2.67,0,0,0,0,0,0,0,0,0,0,0,0,0,0,0,0,4,0,0,0,0,0,0,0,0,0,0,0,0,0,0,0,0,0,0,0,0,0,0,0,0,0,8,0,0,0,0,0.67,69.33,0,0,0,0,0,0,0,0,0,0,0,0,0,0,4,0,0,0,0,0,0,0,0,7.33,0,0,0,0,0,0,0,0,0,0,0
"2006_Passe_cor_22",0,3.33,0,0,0,0,0,0,2,0,0,0,0,0,0,2,0,0,0,0,0,0,0,0,0,0,8,0,0,0,0,0,0,2,0,0,0,0,0,0,0,0,2,2,0,0,0,0,0,0,0,0,4.67,0,0,0,0,0,0,0,0,0,0,0,0,0,0,0,0,6,0,0,0,0,0.67,56.67,0,0,0,0,0,0,0,0,0,0,0,0,0,0,0,0,0,0,0.67,0,0,0,0,7.32,0,0,0,0,0,0.67,0,0,2,0,0
"2006_Passe_cor_23",0,0,0,0,0,0,0,0,2,0,0,0.67,0,0,0,1.33,0,1.33,0,0,0,0,0,0,0,0,12,0,0,0,0,0,0,0,0,0,0,0,0,0.67,0,0,0,0,0,0,0,0,0,0,0,0,6,0,0,1.33,0,0,0,0,0,0,0,0,0,0,12,0,0,9.33,0,0,0,0,1.33,34.66,0,0,0,0,0,0,0,0,0,0,0,0,0,0,0,0,0,0,0,0,0,0,0,10.68,0,0,0,0,0,0,0,0,6.67,0,0
"2006_Passe_cor_24",0,0,0,0,0,0,0,0,0,0,0,0.67,0,0,0,0,0,9.33,0,0,0,0,0,0,0,0,7.33,0,0,0,0,0,0,0,0,0,0,0,0,0,0,0,0,1.33,0,0,0,0,0,0,0.67,0,14,0,0,0,0,0,0.67,0,0,0,0,0,0,0,12.67,0,0,7.33,0,0,0,0,3.33,32.66,0,0,0,0,0,0,0,0,0,0,0,0,0,0,0,0,0,0,0.67,0,0,0,0,2.68,0,0,0,0,0,1.33,0,0,5.33,0,0
"2011_Passe_cor_1",0,0.67,0,0,0,0,0,0,0,0,0,0,0,0,0,0,0,0,0,0,0,0.67,0,0,0,0,7.33,0,0,0,0,0,0,4.67,0,0,0,0,0,0,0,0,2.67,0,0,0,0,0,0,0,0,0,13.33,0,0,0,0,0,0,0,0.67,0,0,0,0,0,3.33,0,0,9.33,0,0,0,0,4.67,36,0,0,0,0,0,0,0,0,0,0,0,0,0,0,0,0,0,0,0,0,0,0,0,10.67,0,0,0,0,2,1.33,0,0,2.66,0,0
"2011_Passe_cor_2",0,0,0,0,0,0,0,0,1.33,0,0,0,0,0,0,0.67,0,5.33,0,0,0,0,0,0,0,0,6,0,0,0,0,0,0,0,0,0,0,0,0,0,0,0,2.67,0,0,0,0,0,0,0,0,0,16,0,0,0,0,0,0,0,0,0,0,0,0,0,1.33,0,2.67,10,0,0,0,0,2,36,0,0,0,0,0,0,0,0,0,0,0,0,0,0,0,0,0,0,1.33,0,0,0,0,11.33,0,0,0,0,0,3.34,0,0,0,0,0
"2011_Passe_cor_3",0,0,0,0,0,0,0,0,0,0,0,0,0,0,0,0,0,0,0,0,0,0,0,0,0,0,7.33,0,0,0,0,0,0,2.67,0,0,0,0,0,0,0,0,2,0,0,0,0,0,0,0,1.33,0,26.67,0,0,0.67,0,0,0,0,0,0,0,0,0,0,8,0,0,8,0,0,0,0,0,30.67,0,0,0,0,2,0,0,0,0,0,0,0,0,0,0,0,0,0,0,0,0.67,0,0,6.67,0,0,0,0,0,1.32,0,0,2,0,0
"2011_Passe_cor_4",0,0,0,0,0,0,0,0,0,0,0,0,0,0,0,0,0,0.67,0,0,0,0,0,0,0,0,11.33,0,0,0,0,0,0,0,0,0,0,0,0,0,0,0,0,0,0,0,0,0,0,0,0,0,14.67,0,0,0,0,0,0,0,0,0,0,0,0.67,0,4.67,0,0,6,0,0,0,0,1.33,48.67,0,0,0,0,0.67,0,0,0,0,0,0,0,0,0,0,0,0,0,2,0,0,0,0,4,0,0,0,0,0,4.66,0,0,0.66,0,0
"2011_Passe_cor_5",0,0,0,0,0,0,0,0,0,0,0,0,0,0,0,0,0,0,0,0,0,0,0,0,0,0,11.33,0,0,0,0,0,0,0,0,0,0,0,0,0,0,0,2,0,0,0,0,0,0,0,0,0,21.33,0,0,0,0,0,0,0,0,0,0,0,0,0,2.67,0,0.67,8,0,0,0,0,0.67,42,0,0,0,0,0,0,0,0,0,0,0,0,0,0,0,0,0,0,2.67,0,0,0,0,3.33,0,0,0,0,0,4.67,0,0,0,0.66,0
"2011_Passe_cor_6",0,8,0,0,0,0,0,0,0,0,0,0,0,0,0,0,0,5.33,0,0,0,0,0,0,0,0,6.67,0,0,0,0,0,2.67,0,0,0,0,0,0,0,0,0,1.33,0,0,0,0,0,0,0,0,0,22.67,0,0,0,0,0,0,0,0,0,0,0,0,0,11.33,0,0,5.33,0,0,0,0,1.33,28.67,0,0,0,0,0,0,0,0,0,0,0,0,0,0,0,0,0,0,1.33,0,0,0,0,4,0,0,0,0,0,1.34,0,0,0,0,0
"2011_Passe_cor_7",0,1.33,0,0,0,0,0,0,0,0,0,0,0,0,0,0,0,0,0,0,0,0,0,0,0,0,12.67,0,0,0,0,0,0,2.67,0,0,0,0,0,0,0,0,1.33,0,0,0,0,0,0,0,0,0,21.33,0,0,0,0,0,0,0,0,0,0,0,0.67,0,2.67,0,0,9.33,0,0,0,0,1.33,36,0,0,0,0,1.33,0,0,0,0,0,0,0,0,0,1.33,0,0,0,1.33,0,0,0,0,2.68,0,0,0,0,0,2.67,0,0,1.33,0,0
"2011_Passe_cor_8",0,0,6.67,0,0,0,0,0,0.67,0,0,0,0,0,0,0,0,14,0,0,0,0,0,0,0,0,16.67,0,0,0,0,0,1.33,2,0,0,0,0,0,0,0,0,0,0,0,0,0,0,0,0,1.33,0,15.33,0,0,0,0,0,0,0,0,0,0,0,0,0,0,0,0,6,0,0,0,0,0.67,29.33,0,0,0,0,0,0,0,0,0,0,0,0,0,0,0,0,0,0,0,0,0,0,0,4.67,0,0,0,0,0,1.33,0,0,0,0,0
"2011_Passe_cor_9",0,0,0,0,0,0,0,0,2,0,0,0,0,0,0,0.67,0,4.67,0,0,0,0,0,0,0,0,18.67,0,0,0,0,0.67,0,2.67,0,0,0,0,0,0,0,0,0,0,0,0,0,0,0,0,1.33,0,22,0,0,1.33,0,0,0,0,0,0,0,0.67,0.67,0,2,0,0,6.67,0,0,0,0,0,26,0,0,0,0,0,0,0,0,0,0,0,0,0,0,0,0,0,0,3.33,0,0,0,0,3.33,0,0,0,0,0,3.32,0,0,0,0,0
"2011_Passe_cor_10",0,0,0,0,0,0,0,0,0,0,0,0,0,0,0,0.67,0,0,0,0,0,0,0,0,0,0,10,0,0,0,0,0,0,0,0,0,0,0,0,0,0,0,0,0,0,0,0,0,0,0,0,0,0,0,0,0,0,0,0,0,0,60.67,0,0,0,0,0,0,0,3.33,0,0,0,0,0,24,0,0,0,0,0,0,0,0,0,0,0,0,0,0,0,0,0,0,0.67,0,0,0,0,0.66,0,0,0,0,0,0,0,0,0,0,0
"2011_Passe_cor_11",0,0,0,0,0,0,0,0,0,0,0,0,0,0,0,6.67,0,3.33,0,0,0,0,0,0,0,0,16.67,0,0,0,0,0,0,0,0,0,0,0,0,0,0,0,0,0,0,0,0,0,0,0,0,0,7.33,0,0,0.67,0,0,0,0,10.67,0,0,0,0,0,2.67,0,0,7.33,0,0,0,0,1.33,39.34,0,0,0,0,0,0,0,0,0,0,0,0,0,0,1.33,0,0,0,0.66,0,0,0,0,2,0,0,0,0,0,0,0,0,0,0,0
"2011_Passe_cor_12",0,1.33,0,0,0,0,0,0,0,0,0,0,0,0,0,0,0,0,0,0,0,0,0,0,0,0,10,0,0,0,0,0,0,0,0,0,0,0,0,0,0,0,0,0,0,0,0,0,0,0,0,0,0,0,0,0,0,0,0,0,25.33,0,0,0,0,0,8,0,0,1.33,0,0,0,0,0.67,50,0,0,0,0,0,0,0,0,0,0,0,0,0,0,1.34,0,0,0,0,0,0,0,0,2,0,0,0,0,0,0,0,0,0,0,0
"2011_Passe_cor_13",0,6,0,0,0,0,0,0,0,0,0,0,0,0,0,3.33,0,3.33,0,0,0,0,0,0,0,0,12,0,0,0,0,0,0,0,0,0,0,0,0,0,0,0,0.67,0.67,0,0,0,0,0,0,0,0,0,0,0,0,0,0,0,0,8,0,0,0,0,0,11.33,0,0,5.33,0,0,0,0,4,38.67,0,0,0,0,0,0,0,0,0,0,0,0,0,0,0,0,0,0,4,0,0.67,0,0,2,0,0,0,0,0,0,0,0,0,0,0
"2011_Passe_cor_14",0,0,0,0,0,0,0,0,4,0,0,0,0,0,0,0,0,22.67,0,0,0,0,0,0,0,0,12.67,0,0,0,0,0,0,0,0,0,0,0,0,0,0,0,0,1.33,0,0,0,0,0,0,0,0,2,0,0,0,0,0,0,0,0,0,0,0,0,0,14,0,0,6,0,0,0,0,2,30,0,0,0,0,0,0,0,0,0,0,0,0,0,0,0,0,0,0,0.67,0,0,0,0,1.33,0,0,0,0,0,3.33,0,0,0,0,0
"2011_Passe_cor_15",0,1.33,0,0,0,0,0,0,0,0,0,0,0,0.67,0,0,0,0,0,0,0,0,0,0,0,0,5.33,0,0,0,0,0,0.67,0,0,0,0,0,0,0,0,0,1.33,0,0,0,0,0,0,0,0,0,12.67,0,0,0,0,0,0,0,0,0,0,0,0,0,2,0,0,12.67,0,0,0,0,2,41.33,0,0,0,0,0,0,0,0,0,0,0,0,0,0,5.33,0,0,0,6,0,0,0,0,4,0,0,0,0,0,4.67,0,0,0,0,0
"2011_Passe_cor_16",0,0,0,0,0,0,0,0,0,0,0,0,0,0,0,0,0,0,0,0,0.67,0,0,0,0,0,12.67,0,0,0,0,0,0,0,0,0,0,0,0,0.67,0,0,1.33,2.67,0,0,0,0,0,0,0,0,23.33,0,0,0,0,0,0,0,0,0,0,0,0,0,2.67,0,0,7.33,0,0,0,0,1.33,36.67,0,0,0,0,0,0,0,0,0,0,0,0,0,0,0,0,0,0,0.66,0,0,0,0,4.67,0,0,0,0,0,4,0,0,1.33,0,0
"2011_Passe_cor_17",0,0,1.33,0,0,0,0,0,0.67,0,0,0,0,0,0,0,0,0,0,0,0,1.33,0,0,0,0,7.33,0,0,0,0,0,1.33,4,0,0,0,0,0,0,0,0,0,0.67,0,0,0,0,0,0,0,0,23.33,0,0,0,0,0,0,0,0,0,0,0,0,0,14.67,0,0,10,0,0,0,0,2.67,22.67,0,0,0,0,0,0,0,0,0,0,0,0,0,0,0,0,0,0,0,0,0,0,0,3.33,0,0,0,0,0,4.67,0,0,2,0,0
"2011_Passe_cor_18",0,0,0.67,0,0,0,0,0,0,0,0,0,0,0,0,0,0,0,0,0,0,2,0,0,0,0,8,0,0,0,0,0,0,6.67,0,0,0,0,0,0,0,0,0,1.33,0,0,0,0,0,0,0,0,16,0,0,2,0,0,0,0,0,0,0,0,0.67,0,7.33,0,0,6,0,0,0,0,1.33,34,0,0,0,0,0,0,0,0,0,0,0,0,0,0,0,0,0,0,2.66,0,0.67,0,0,8,0,0,0,0,0,2,0,0,0.67,0,0
"2011_Passe_cor_19",0,0,0,0,0,0,0,0,0,0,0,0,0,0,0,2,0,1.33,0,0,0,0.67,0,0,0,0,15.33,0,0,0,0,0,0,1.33,0,0,0,0,0.67,0,0,0,0,0,0,0,0,0,0,0,0,0,24.67,0,0,0,0,0,0,0,0,0,0,0,0,0,0,0,0,8.67,0,0,0,0,1.33,30.67,0,0,0,0,0,0,0,0,0,0,0,0,0,0,0,0,0,0,2.67,0,0,0,0,5.32,0,0,0,0,0,2.67,0,0,2.67,0,0
"2011_Passe_cor_20",0,0,0,0,0,0,0,0,0.67,0,0,0,0,1.33,0,0,0,0,0,0,0,0,0,0,0,0,8.67,0,0,0,0,0,0,7.33,0,0,0,0,0,0,0,0,0.67,0,0,0,0,0,0,0,0,0,26.67,0,0,2,0,0,0,0,0,0,0,0,0,0,10.67,0,0,7.33,0,0,0,0,1.33,24,0,0,0,0,0,0,0,0,0,0,0,0,0,0,0.67,0,0,0,1.33,0,0.67,0,0,1.33,0,0,0,0,0,4,0,0,1.33,0,0
"2011_Passe_cor_21",0,0,0,0,0,0,0,0,0,0,0,0,0,0,0,0.67,0,0,0,0,0,0,0,0,0,0,6.67,0,0,0,0,0,4.67,1.33,0,0,0,0,0,0,0,0,0,2.67,0,0,0,0,0,0,0,0,2.67,0,0,0,0,0,0,0,0,0,0,0,0,0,8,0,0,5.33,0,0,0,0,1.33,53.33,0,0,0,0,4,0,0,0,0,0,0,0,0,0,5.33,0,0,0,0,0,0,0,0,2.67,0,0,0,0,0,0,0,0,1.33,0,0
"2011_Passe_cor_22",0,0,0,0,0,0,0,0,1.33,0,0,0.67,0,0,0,0,0,0,0,0,0,0,0,0,0,0,3.33,0,0,0,0,0,0,4,0,0,0,0,0,0,0,0,2,4,0,0,0,0,0,0,0,0,8,0,0,0,0,0,0,0,0,0,0,0,0,0,0.67,0,0,7.33,0,0,0,0,2.67,51.33,0,0,0,0,0,0,0,0,0,0,0,0,0,0,0,0,0,0,7.33,0,0,0,0,4.67,0,0,0,0,0,2,0,0,0.67,0,0
"2011_Passe_cor_23",0,1.33,0,0,0,0,0,0,0.67,0,0,0,0,0,0,0,0,2.67,0,0,0,0,0,0,0,0,12,0,0,0,0,0,0,0,0,0,0,0,0,0,0,0,1.33,4.67,0,0,0,0,0,0,0,0,2.67,0,0,0,0,0,0,0,0,0,0,0,0.67,0,14.67,0,0,9.33,0,0,0,0,1.33,40.67,0,0,0,0,0,0,0,0,0,0,0,0,0,0,0,0,0,0,0,0,0,0,0,0.67,0,0,0,0,0,2,0,0,5.32,0,0
"2011_Passe_cor_24",0,0,0,0,0,0,0,0,0,0,0,0,0,0,0,1.33,0,7.33,0,0,0,0,0,0,0,0,13.33,0,0,0,0,0,0,0,0,0,0,0,0.67,0,0,0,0,0,0,0,0,0,0,0,0,0,15.33,0,0,0,0,0,0.67,0,0,0,0,0,2,0,6.67,0,0,6,0,0,0,0,2,40.67,0,0,0,0,0,0,0,0,0,0,0,0,0,0,0,0,0,0,2.67,0,0,0,0,0.67,0,0,0,0,0,0.67,0,0,0,0,0
"2018_Passe_cor_1",0,0,0,0,0,0,0,0,0,0,0,0,0,0,0,0,0,0,0,0,0,0,0,0,0,0,8.67,0,0,0,0,0,0,0.67,0,0,0,0,0,0,0,0,2,0,0,0,0,0,0,0,0,0,9.33,0,0,2.67,0,0,0,0,0,0,0,0,0,0,5.33,0,1.33,7.33,0,0,0,0,3.33,37.33,0,0,0,0,1.33,0,0,0,0,0,0,0,0,0,0,0,0,0,0,0,0,0,0,8.67,0,0,0,0,0,1.33,0,0,10.68,0,0
"2018_Passe_cor_2",0,0,0,0,0,0,0,0,0,0,0,0,0,0,0,0,0,0,0,0,0,0,0,0,0,0,10,0,0,0,0,0.67,0,0,0,0,0,0,0,0,0,0,0,0,0,0,0,0,0,0,0,0,4.67,0,0,0,0,0,0,0,0,0,0,0,0,0,3.33,0,0.67,5.33,0,0,0,0,1.33,34,0,0,0,0,0,0,0,0,0,0,0,0,0,0,0,0,0,0,3.33,0,0.67,0,0,25.33,0,0,0,0,0,1.33,0,0,9.34,0,0
"2018_Passe_cor_3",0,0,0,0,0,0,0,0,0,0,0,0,0,0,0,0,0,0,0,0,0,0,0,0,0,0,10.67,0,0,0,0,0,0,0,0,0,0,0,0,0,0,0,0,0,0,0,0,0,0,0,0.67,0,15.33,0,0,0,0,0,0,0,0,0,0,0,0,0,3.33,0,2,4.67,0,0,0,0,2,32.67,0,0,0,0,0.67,0,0,0,0,0,0,0,0,0,0,0,0,0,2.67,0,0,0,0,14,0,0,0,0,0,2.67,0,0,8.65,0,0
"2018_Passe_cor_4",0,4,0,0,0,0,0,0,0,0,0,0,0,0,0,0,0,0,0,0,0,0,0,0,0,0,14,0,0,0,0,0,0,0,0,0,0,0,0,0,0,0,0,0,0,0,0,0,0,0,0.67,0,12.67,0,0,0,0,0,0,0,0,0,0,0,0.67,0,5.33,0,0,8.67,0,0,0,0,0.67,42,0,0,0,0,2.67,0,0,0,0,0,0,0,0,0,0,0,0,0,0.67,0,0,0,0,0.67,0,0,0,0,1.31,6,0,0,0,0,0
"2018_Passe_cor_5",0,0,0,0,0,0,0,0,0,0,0,0,0,0,0,0,0,0,0,0,0,0,0,0,0,0,11.33,0,0,0,0,0,0,8,0,0,0,0,0,0,0,0,0,0,0,0,0,0,0,0,0,0,14.67,0,0,0.67,0,0,0,0,0,0,0,0,0,0,8,0,0,8.67,0,0,0,0,0,32,0,0,0,0,1.33,0,0,0,0,0,0,0,0,0,0,0,0,0,5.33,0,0.67,0,0,0.67,0,0,0,0,0,2.66,0,0,6,0,0
"2018_Passe_cor_6",0,0,0,0,0,0,0,0,0.67,0,0,0,0,0,0,0,0,0,0,0,0,0,0,0,0,0,8.67,0,0,0,0,0,0,13.33,0,0,0,0,0,0,0,0,0,0,0,0,0,0,0,0,0,0,20,0,0,0,0,0,0,0,0,0,0,0,0,0,3.33,0,0,8.67,0,0,0,0,2,35.33,0,0,0,0,1.33,0,0,0,0,0,0,0,0,0,1.33,0,0,0,0,0,0,0,0,2.67,0,0,0,0,0,0.67,0,0,2,0,0
"2018_Passe_cor_7",0,0,0,0,0,0,0,0,2,0,0,0,0,0,0,0,0,0,0,0,0,0,0,0,0,0,8,0,0,0,0,0,0,11.33,0,0,0,0,0,0,0,0,0,0,0,0,0,0,0,0,0,0,16.67,0,0,0,0,0,0,0,0,0,0,0,0,0,2,0,0,6.67,0,0,0,0,2.67,45.33,0,0,0,0,1.33,0,0,0,0,0,0,0,0,0,0,0,0,0,0.67,0,0,0,0,0,0,0,0,0,0,3.33,0,0,0,0,0
"2018_Passe_cor_8",0,0,2.67,0,0,0,0,0,0,0,0,0,0,0,0,0,0,0,0,0,0,0,0,0,0,0,20,0,0,0,0,0,0,0,0,0,0,0,0,0,0,0,1.33,0,0,0,0,0,0,0,0,0,9.33,0,0,0,0,0,0,0,0,0,0,0.67,0,0,8,0,0,6.67,0,0,0,0,2,39.33,0,0,0,0,0.67,0,0,0,0,0,0,0,0,0,2.67,0,0,0,4,0,0,0,0,0.66,0,0,0,0,0,0,0,0,2,0,0
"2018_Passe_cor_9",0,0,0,0,0,0,0,0,0,0,0,0,0,0,0,0,0,0,0,0,0,0,0,0,0,0,12,0,0,0,0,0,0,6,0,0,0,0,0,0,0,0,0,0,0,0,0,0,0,0,0,0,8.67,0,0,1.33,0,0,0,0,0,0,0,0,0,0,12.67,0,0,14.67,0,0,0,0,2.67,33.33,0,0,0,0,0.67,0,0,0,0,0,0,0,0,0,1.33,0,0,0,0,0,0,0,0,0,0,0,0,0,0,0.66,0,0,6,0,0
"2018_Passe_cor_10",0,0,0,0,0,0,0,0,0,0,0,0,0,0,0,0,0,0,0,0,0,0,0,0,0,0,13.33,0,0,0,0,0,0,0,0,0,0,0,0,0,0,0,0,0,0,0,0,0,0,0,0,0,0,0,0,0,0,0,0,0,0,70,0,0,0.67,0,0,0,0,2,0,0,0,0,0,7.33,0,0,0,0,0,0,0,0,0,0,0,0,0,0,0,0,0,0,0,0,0.67,0,0,5.33,0,0,0,0,0,0.67,0,0,0,0,0
"2018_Passe_cor_11",0,1.33,0,0,0,0,0,0,0,0,0,0,0,0,0,2,0,0,0,0,0,0,0,0,0,0,14.67,0,0,0,0,0,0,0,0,0,0,0,0,0,0,0,0,1.33,0,0,0,0,0,0,0,0,4,0,0,0,0,0,0,0,9.33,0,0,0,0,0,4.67,0,0,6,0,0,0,0,2.67,41.33,0,0,0,0,6,0,0,0,0,0,0,0,0,0,0.67,0,0,0,2,0,0,0,0,0.67,0,0,0,0,0,1.33,0,0,2,0,0
"2018_Passe_cor_12",0,0,0,0,0,0,0,0,0,0,0,0,0,0,0,0,0,0,0,0,0,0,0,0,0,0,11.33,0,0,0,0,0,0,0,0,0,0,0,0,0,0,0,0,0,0,0,0,0,0,0,0,0,0,0,0,0,0,0,0,0,35.33,0,0,0,0,0,5.33,0,0,6,0,0,0,0,0.67,28.67,0,0,0,0,0,0,0,0,0,0,0,0,0,0,2.67,0,0,0,3.33,0,0,0,0,0,0,0,0,0,0,0.67,0,0,6,0,0
"2018_Passe_cor_13",0,2.67,0,0,0,0,0,0,0,0,0,0,0,0,0,0,0,0,0,0,0,0,0,0,0,0,7.33,0,0,0,0,0,0,0,0,0,0,0,0,0,0,0,0,0,0,0,0,0,0,0,0,0,0,0,0,0,0,0,0,0,2,0,0,0,2,0,23.33,0,0,8,0,0,0,0,3.33,39.33,0,0,0,0,0,0,0,0,0,0,0,0,0,0,0,0,0,0,3.33,0,0,0,0,4,0,0,0,0,1.33,0.67,0,0,2.68,0,0
"2018_Passe_cor_14",0,2.67,0,0,0,0,0,0,4.67,0,0,0,0,0,0,0,0,0,0,0,0,0,0,0,0,0,6,0,0,0,0,0,0,0,0,0,0,0,0,0,0,0,0,0.66,0,0,0,0,0,0,0,0,8.67,0,0,0,0,0,0,0,0,0,0,0.67,2.67,0,18.67,0,0,4.67,0,0,0,0,0.66,35.31,0,0,0,0,2.67,0,0,0,0,0,0,0,0,0,0,0,0,0,8.67,0,0,0,0,0.67,0,0,0,0,0,1.33,0,0,0.67,0.67,0
"2018_Passe_cor_15",0,0,0,0,0,0,0,0,0,0,0,0,0,0.67,0,0,0,0,0,0,0,0,0,0,0,0,4.67,0,0,0,0,0,0,0,0,0,0,0,0,0,0,0,0,0,0,0,0,0,0,0,0.67,0,10,0,0,0,0,0,0,0,0,0,0,0,0,0,4.67,0,0,10,0,0,0,0,1.33,54.67,0,0,0,0,0,0,0,0,0,0,0,0,0,0,7.33,0,0,0,2.67,0,0,0,0,0.67,0,0,0,0,0,1.33,0,0,1.32,0,0
"2018_Passe_cor_16",0,0,0,0,0,0,0,0,0,0,0,0,0,0,0,0,0,0,0,0,0,0,0,0,0,0,7.33,0,0,0,0,0,0,3.33,0,0,0,0,0,0,0,0,0,0,0,0,0,0,0,0,0,0,17.33,0,0,0,0,0,0,0,0,0,0,0,0,0,13.33,0,0,12.67,0,0,0,0,0,32.67,0,0,0,0,2.67,0,0,0,0,0,0,0,0,0,0,0,0,0,1.33,0,0.67,0,0,4.67,0,0,0,0,0,1.33,0,0,2.67,0,0
"2018_Passe_cor_17",0,0,0,0,0,0,0,0,0,0,0,0,0,0.67,0,0,0,0,0,0,0,0,0,0,0,0,10,0,0,0,0,0,0,4,0,0,0,0,3.3,0,0,0,2,0,0,0,0,0,0,0,0,0,17.33,0,0,0,0,0,0,0,1.33,0,0,0,0,0,5.33,0,0,8.67,0,0,0,0,0.67,34.67,0,0,0,0,0,0,0,0,0,0,0,0,0,0,0,0,0,0,0.67,0,0,0,0,2.68,0,0,0,0,0,4,0,0,4.68,0,0
"2018_Passe_cor_18",0,0,0,0,0,0,0,0,2.67,0,0,0,0,0,0,0,0,0,0,0,0,0,0,0,0,0,7.33,0,0,0,0,0,0,12.67,0,0,0,0,0,0,0,0,0,0.67,0,0,0,0,0,0,0,0,6,0,0,0,0,0,0,0,0,0,0,0,0.67,0,7.33,0,0,9.33,0,0,0,0,2.67,24,0,0,0,0,1.33,0,0,0,0,0,0,0,0,0,1.33,0,0,0,2,0,0,0,0,2.66,0,0,0,0,0,2.67,0,0,16.67,0,0
"2018_Passe_cor_19",0,0,0,0,0,0,0,0,0,0,0,0,0,0,0,2.67,0,0,0,0,0,0,0,0,0,0,16.67,0,0,0,0,0,0,0,0,0,0,0,0,0,0,0,0,2.67,0,0,0,0,0,0,0,0,20.67,0,0,0,0,0,0,0,0,0,0,0,1.33,0,15.33,0,0,6.67,0,0,0,0,0,15.33,0,0,0,0,0,0,0,0,0,0,0,0,0,0,0,0,0,0,0.67,0,0.67,0,0,4.66,0,0,0,0,0,4,0,0,8.66,0,0
"2018_Passe_cor_20",0,1.33,0,0,0,0,0,0,2,0,0,0,0,0,0,1.33,0,0.67,0,0,0,0,0,0,0,0,18.67,0,0,0,0,0,0.67,0,0,0,0,0,0,0,0,0,0,0,0,0,0,0,0,0,1.33,0,24,0,0,5.33,0,0,0,0,0,0,0,0,0.67,0,1.33,0,0,7.33,0,0,0,0,2,22.67,0,0,0,0,0,0,0,0,0,0,0,0,0,0,0,0,0,0,0.67,0,0,0,0,1.33,0,0,0,0,0,0,0,0,8.67,0,0
"2018_Passe_cor_21",0,2.67,0,0,0,0,0,0,2.67,0,0,0,0,0,0,0,0,0,0,0,0,0.67,0,0,0,0,6,0,0,0,0,0,0,0,0,0,0,0,0,0,2.67,0,0,2.67,0,0,0,0,0,0,0,0,10,0,0,0,0,0,0,0,0,0,0,0,0.67,0,4,0,0,4.67,0,0,0,0,2,26,0,0,0,0,4,0,0,0,0,0,0,0,0,0,4,0,0,0,4.66,0,0,0,0,1.32,0,0,0,0,0,0,0,0,21.33,0,0
"2018_Passe_cor_22",0,0,0,0,0,0,0,0,2.67,0,0,0,0,0,0,0,0,0,0,0,0,0,0,0,0,0,12,0,0,0,0,0,0,0,0,0,0,0,0,0,0,0,0,1.33,0,0,0,0,0,0,0.67,0,10,0,0,0,0,0,0,0,0,0,0,0,0,0,10,0,0,6,0,0,0,0,2.67,47.33,0,0,0,0,0,0,0,0,0,0,0,0,0,0,0,0,0,0,2,0,0,0,0,1.33,0,0,0,0,0,0,0,0,4,0,0
"2018_Passe_cor_23",0,0,0,0,0,0,0,0,1.33,0,0,0.67,0,0,0,2,0,0,0,0,0,0,0,0,0,0,8.67,0,0,0,0,0,0,0,0,0,0,0,0,0,0,0,0,0,0,0,0,0,0,0,0,0,7.33,0,0,0,0,0,0,0,0.67,0,0,0,0,0,3.33,0,0,6,0,0,0,0,0,54,0,0,0,0,0,0,0,0,0,0,0,0,0,0,1.33,0,0,0,10,0,1.33,0,0,0.67,0,0,0,0,0,0,0,0,2.67,0,0
"2018_Passe_cor_24",0,0,0,0,0,0,0,0,0,0,0,0.67,0,0,0,1.33,0,3.33,0,0,0,0.67,0,0,0,0,11.33,0,0,0,0,0,0,0,0,0,0,0,0,0,0,0,0,0,0,0,0,0,0,0,0,0,3.33,0,0,0,0,0,0.67,0,2,0,0,0,0,0,3.33,0,0,7.33,0,0,0,0,0.67,46,0,0,0,0,0.67,0,0,0,0,0,0,0,0,0,0.67,0,0,0,12,0,0.67,0,0,1.33,0,0,0,0,0,0,0,0,4,0,0
